{"stats":{"minecraft:picked_up":{"minecraft:crafting_table":7,"minecraft:iron_chestplate":1,"minecraft:wheat":11,"minecraft:chicken":8,"minecraft:lead":8,"minecraft:enchanted_book":1,"minecraft:shield":2,"minecraft:string":37,"minecraft:iron_axe":1,"minecraft:iron_leggings":1,"minecraft:iron_shovel":1,"minecraft:beetroot":13,"minecraft:cobbled_deepslate":435,"minecraft:bucket":1,"minecraft:beef":33,"minecraft:redstone_torch":6,"minecraft:iron_pickaxe":9,"minecraft:light_gray_wool":1,"minecraft:melon_slice":81,"minecraft:chest":4,"minecraft:furnace":2,"minecraft:egg":1,"minecraft:iron_boots":1,"minecraft:stick":45,"minecraft:raw_iron":209,"minecraft:torch":35,"minecraft:porkchop":55,"minecraft:diorite":3,"minecraft:redstone":217,"minecraft:arrow":32,"minecraft:rotten_flesh":41,"minecraft:tropical_fish":4,"minecraft:beetroot_seeds":34,"minecraft:ward_armor_trim_smithing_template":1,"minecraft:obsidian":8,"minecraft:glow_berries":6,"minecraft:mutton":18,"minecraft:rail":4,"minecraft:white_wool":14,"minecraft:cobblestone":961,"minecraft:birch_log":10,"minecraft:stripped_oak_log":2,"minecraft:feather":7,"minecraft:andesite":4,"minecraft:salmon":3,"minecraft:leather":21,"minecraft:birch_planks":6,"minecraft:flint":4,"minecraft:tuff":1,"minecraft:oak_log":40,"minecraft:gunpowder":1,"minecraft:lapis_lazuli":232,"minecraft:dirt":49,"minecraft:name_tag":1,"minecraft:bone":24,"minecraft:apple":5,"minecraft:bow":4,"minecraft:wheat_seeds":56,"minecraft:raw_gold":5,"minecraft:iron_ingot":112,"minecraft:iron_sword":1,"minecraft:oak_planks":142,"minecraft:smooth_basalt":12,"minecraft:cooked_porkchop":7,"minecraft:pumpkin":1,"minecraft:gravel":34,"minecraft:sand":36,"minecraft:soul_torch":1,"minecraft:spider_eye":4,"minecraft:pumpkin_seeds":11,"minecraft:diamond":18,"minecraft:stone_axe":1,"minecraft:granite":1,"minecraft:golden_apple":5,"minecraft:emerald":3,"minecraft:oak_sapling":8,"minecraft:melon_seeds":3,"minecraft:coal":523},"minecraft:used":{"minecraft:beetroot":1,"minecraft:oak_fence":29,"minecraft:iron_shovel":117,"minecraft:chest":10,"minecraft:shield":44,"minecraft:stone":14,"minecraft:iron_sword":427,"minecraft:cooked_chicken":10,"minecraft:iron_chestplate":2,"minecraft:torch":742,"minecraft:dirt":17,"minecraft:tuff":1,"minecraft:granite":1,"minecraft:oak_fence_gate":2,"minecraft:iron_hoe":18,"minecraft:iron_axe":328,"minecraft:iron_helmet":1,"minecraft:iron_boots":1,"minecraft:melon_seeds":4,"minecraft:golden_sword":32,"minecraft:furnace":4,"minecraft:beetroot_seeds":13,"minecraft:cooked_beef":14,"minecraft:cobbled_deepslate":4,"minecraft:iron_leggings":3,"minecraft:wheat_seeds":37,"minecraft:cooked_mutton":5,"minecraft:water_bucket":155,"minecraft:lead":2,"minecraft:oak_planks":38,"minecraft:glow_berries":1,"minecraft:crafting_table":8,"minecraft:pumpkin_seeds":9,"minecraft:redstone_torch":4,"minecraft:iron_pickaxe":2127,"minecraft:melon_slice":29,"minecraft:gravel":5,"minecraft:stone_axe":29,"minecraft:wooden_sword":71,"minecraft:cobblestone":141,"minecraft:porkchop":5,"minecraft:cooked_porkchop":33,"minecraft:bucket":156},"minecraft:crafted":{"minecraft:wooden_sword":2,"minecraft:oak_planks":188,"minecraft:cooked_chicken":8,"minecraft:furnace":2,"minecraft:cooked_mutton":17,"minecraft:iron_boots":2,"minecraft:iron_axe":3,"minecraft:iron_hoe":1,"minecraft:chest":6,"minecraft:oak_button":1,"minecraft:oak_fence":42,"minecraft:cooked_beef":25,"minecraft:cooked_porkchop":50,"minecraft:crafting_table":2,"minecraft:iron_sword":3,"minecraft:cooked_salmon":3,"minecraft:oak_wood":3,"minecraft:birch_planks":20,"minecraft:jungle_planks":8,"minecraft:air":0,"minecraft:oak_fence_gate":2,"minecraft:diamond_pickaxe":1,"minecraft:iron_chestplate":1,"minecraft:golden_apple":5,"minecraft:shield":1,"minecraft:stick":236,"minecraft:iron_ingot":242,"minecraft:iron_pickaxe":9,"minecraft:iron_block":3,"minecraft:iron_shovel":1,"minecraft:iron_leggings":3,"minecraft:gold_ingot":45,"minecraft:anvil":1,"minecraft:torch":856},"minecraft:broken":{"minecraft:golden_sword":1,"minecraft:iron_axe":1,"minecraft:wooden_sword":1,"minecraft:iron_sword":1,"minecraft:iron_pickaxe":6},"minecraft:custom":{"minecraft:interact_with_anvil":9,"minecraft:mob_kills":132,"minecraft:animals_bred":6,"minecraft:interact_with_crafting_table":80,"minecraft:leave_game":8,"minecraft:time_since_death":65141,"minecraft:climb_one_cm":17558,"minecraft:sprint_one_cm":1142775,"minecraft:walk_one_cm":1021338,"minecraft:damage_blocked_by_shield":1320,"minecraft:drop":41,"minecraft:play_time":449169,"minecraft:sneak_time":11539,"minecraft:deaths":1,"minecraft:walk_under_water_one_cm":40914,"minecraft:jump":7641,"minecraft:walk_on_water_one_cm":78177,"minecraft:enchant_item":6,"minecraft:total_world_time":449169,"minecraft:interact_with_furnace":133,"minecraft:sleep_in_bed":10,"minecraft:time_since_rest":65171,"minecraft:damage_taken":4599,"minecraft:damage_dealt":17967,"minecraft:swim_one_cm":24560,"minecraft:fly_one_cm":921498,"minecraft:open_chest":297,"minecraft:crouch_one_cm":37662,"minecraft:fall_one_cm":169937,"minecraft:horse_one_cm":53400},"minecraft:killed":{"minecraft:cave_spider":1,"minecraft:spider":8,"minecraft:skeleton":16,"minecraft:chicken":8,"minecraft:silverfish":4,"minecraft:pig":25,"minecraft:zombie_villager":1,"minecraft:salmon":3,"minecraft:creeper":1,"minecraft:sheep":15,"minecraft:zombie":30,"minecraft:cow":18},"minecraft:mined":{"minecraft:tuff":28,"minecraft:deepslate_diamond_ore":18,"minecraft:cave_vines_plant":1,"minecraft:granite":18,"minecraft:grass_block":31,"minecraft:jungle_planks":2,"minecraft:spawner":3,"minecraft:tall_seagrass":2,"minecraft:redstone_ore":12,"minecraft:furnace":2,"minecraft:iron_ore":158,"minecraft:cobbled_deepslate":4,"minecraft:andesite":6,"minecraft:pumpkin":1,"minecraft:deepslate_lapis_ore":27,"minecraft:deepslate_iron_ore":53,"minecraft:vine":1,"minecraft:stripped_oak_log":3,"minecraft:stone":882,"minecraft:deepslate_redstone_ore":69,"minecraft:crafting_table":7,"minecraft:torch":14,"minecraft:emerald_ore":3,"minecraft:calcite":1,"minecraft:melon":19,"minecraft:chest":4,"minecraft:sculk_sensor":1,"minecraft:cobblestone":8,"minecraft:deepslate_coal_ore":1,"minecraft:lapis_ore":8,"minecraft:deepslate_gold_ore":5,"minecraft:oak_planks":83,"minecraft:diorite":3,"minecraft:wall_torch":8,"minecraft:amethyst_block":4,"minecraft:seagrass":1,"minecraft:birch_log":10,"minecraft:redstone_torch":2,"minecraft:wheat":22,"minecraft:birch_leaves":20,"minecraft:pumpkin_stem":7,"minecraft:grass":30,"minecraft:oak_log":40,"minecraft:coal_ore":365,"minecraft:beetroots":13,"minecraft:gravel":40,"minecraft:sand":37,"minecraft:dirt":13,"minecraft:cobweb":1,"minecraft:smooth_basalt":14,"minecraft:gold_ore":1,"minecraft:oak_leaves":159,"minecraft:deepslate":431,"minecraft:fern":7},"minecraft:dropped":{"minecraft:iron_sword":1,"minecraft:cooked_beef":8,"minecraft:diamond":1,"minecraft:cooked_porkchop":9,"minecraft:cobblestone":128,"minecraft:lead":1,"minecraft:tropical_fish":4,"minecraft:rail":4,"minecraft:dirt":20,"minecraft:iron_pickaxe":8,"minecraft:stone_axe":1,"minecraft:cobbled_deepslate":7,"minecraft:rotten_flesh":4,"minecraft:cooked_mutton":2,"minecraft:ward_armor_trim_smithing_template":1,"minecraft:bow":1,"minecraft:arrow":9}},"DataVersion":3465}