{"stats":{"minecraft:picked_up":{"minecraft:stripped_oak_log":2,"minecraft:birch_log":6,"minecraft:crafting_table":2,"minecraft:leather":8,"minecraft:oak_log":7,"minecraft:dirt":1,"minecraft:wheat_seeds":2,"minecraft:beef":14,"minecraft:iron_ingot":24,"minecraft:furnace":2,"minecraft:raw_iron":13,"minecraft:cooked_porkchop":5,"minecraft:porkchop":13,"minecraft:stone_axe":1,"minecraft:ward_armor_trim_smithing_template":1,"minecraft:emerald":1,"minecraft:mutton":1,"minecraft:coal":24,"minecraft:white_wool":1,"minecraft:cobblestone":8},"minecraft:used":{"minecraft:iron_shovel":1,"minecraft:iron_chestplate":1,"minecraft:crafting_table":2,"minecraft:iron_pickaxe":49,"minecraft:iron_helmet":1,"minecraft:stone_axe":29,"minecraft:golden_sword":32,"minecraft:wooden_sword":71,"minecraft:porkchop":5,"minecraft:furnace":2,"minecraft:cooked_porkchop":2,"minecraft:cooked_beef":1,"minecraft:iron_leggings":1},"minecraft:crafted":{"minecraft:cooked_beef":14,"minecraft:wooden_sword":2,"minecraft:oak_planks":24,"minecraft:cooked_porkchop":8,"minecraft:crafting_table":1,"minecraft:iron_sword":1,"minecraft:furnace":2,"minecraft:oak_wood":3,"minecraft:birch_planks":20,"minecraft:cooked_mutton":1,"minecraft:air":0,"minecraft:iron_boots":1,"minecraft:iron_chestplate":1,"minecraft:iron_axe":1,"minecraft:stick":8,"minecraft:iron_ingot":17,"minecraft:iron_pickaxe":1,"minecraft:iron_leggings":3},"minecraft:broken":{"minecraft:golden_sword":1,"minecraft:wooden_sword":1},"minecraft:custom":{"minecraft:interact_with_furnace":43,"minecraft:mob_kills":14,"minecraft:interact_with_crafting_table":19,"minecraft:time_since_death":26963,"minecraft:sleep_in_bed":2,"minecraft:climb_one_cm":5342,"minecraft:time_since_rest":10660,"minecraft:sprint_one_cm":82302,"minecraft:damage_taken":235,"minecraft:walk_one_cm":71028,"minecraft:drop":7,"minecraft:damage_dealt":1383,"minecraft:swim_one_cm":1338,"minecraft:fly_one_cm":57847,"minecraft:open_chest":42,"minecraft:crouch_one_cm":92,"minecraft:play_time":26963,"minecraft:sneak_time":23,"minecraft:walk_under_water_one_cm":115,"minecraft:jump":554,"minecraft:walk_on_water_one_cm":280,"minecraft:total_world_time":26963,"minecraft:fall_one_cm":7647,"minecraft:horse_one_cm":9312},"minecraft:killed":{"minecraft:pig":5,"minecraft:sheep":1,"minecraft:cow":8},"minecraft:mined":{"minecraft:crafting_table":2,"minecraft:emerald_ore":1,"minecraft:grass_block":1,"minecraft:furnace":2,"minecraft:birch_log":6,"minecraft:iron_ore":13,"minecraft:birch_leaves":2,"minecraft:grass":4,"minecraft:oak_log":7,"minecraft:coal_ore":24,"minecraft:stripped_oak_log":3,"minecraft:stone":8,"minecraft:fern":1,"minecraft:oak_leaves":8},"minecraft:dropped":{"minecraft:stone_axe":1,"minecraft:cooked_porkchop":5,"minecraft:ward_armor_trim_smithing_template":1}},"DataVersion":3465}