{"stats":{"minecraft:picked_up":{"minecraft:stripped_oak_log":2,"minecraft:birch_log":10,"minecraft:crafting_table":7,"minecraft:wheat":1,"minecraft:leather":8,"minecraft:oak_log":34,"minecraft:lapis_lazuli":54,"minecraft:dirt":16,"minecraft:string":9,"minecraft:bone":5,"minecraft:beetroot":4,"minecraft:apple":5,"minecraft:bow":1,"minecraft:wheat_seeds":6,"minecraft:cobbled_deepslate":214,"minecraft:raw_gold":3,"minecraft:bucket":1,"minecraft:iron_ingot":48,"minecraft:beef":14,"minecraft:redstone_torch":5,"minecraft:iron_pickaxe":1,"minecraft:oak_planks":68,"minecraft:furnace":2,"minecraft:stick":38,"minecraft:raw_iron":74,"minecraft:cooked_porkchop":5,"minecraft:torch":18,"minecraft:porkchop":20,"minecraft:redstone":24,"minecraft:spider_eye":1,"minecraft:arrow":4,"minecraft:rotten_flesh":6,"minecraft:diamond":8,"minecraft:stone_axe":1,"minecraft:beetroot_seeds":10,"minecraft:ward_armor_trim_smithing_template":1,"minecraft:emerald":2,"minecraft:oak_sapling":7,"minecraft:mutton":1,"minecraft:coal":262,"minecraft:white_wool":1,"minecraft:rail":4,"minecraft:cobblestone":95},"minecraft:used":{"minecraft:cooked_mutton":1,"minecraft:wheat_seeds":7,"minecraft:water_bucket":58,"minecraft:iron_shovel":21,"minecraft:shield":6,"minecraft:iron_sword":132,"minecraft:iron_chestplate":1,"minecraft:torch":321,"minecraft:glow_berries":1,"minecraft:dirt":15,"minecraft:crafting_table":7,"minecraft:pumpkin_seeds":8,"minecraft:redstone_torch":4,"minecraft:iron_hoe":15,"minecraft:iron_axe":253,"minecraft:iron_pickaxe":863,"minecraft:iron_helmet":1,"minecraft:stone_axe":29,"minecraft:wooden_sword":71,"minecraft:golden_sword":32,"minecraft:cobblestone":3,"minecraft:porkchop":5,"minecraft:furnace":4,"minecraft:cooked_porkchop":10,"minecraft:beetroot_seeds":7,"minecraft:bucket":59,"minecraft:cooked_beef":14,"minecraft:cobbled_deepslate":1,"minecraft:iron_leggings":1},"minecraft:crafted":{"minecraft:cooked_beef":14,"minecraft:wooden_sword":2,"minecraft:oak_planks":24,"minecraft:cooked_porkchop":12,"minecraft:crafting_table":2,"minecraft:iron_sword":1,"minecraft:furnace":2,"minecraft:oak_wood":3,"minecraft:birch_planks":20,"minecraft:cooked_mutton":1,"minecraft:air":0,"minecraft:golden_apple":5,"minecraft:diamond_pickaxe":1,"minecraft:iron_boots":1,"minecraft:iron_chestplate":1,"minecraft:shield":1,"minecraft:iron_axe":2,"minecraft:iron_hoe":1,"minecraft:stick":52,"minecraft:iron_ingot":60,"minecraft:iron_pickaxe":2,"minecraft:iron_block":3,"minecraft:gold_ingot":45,"minecraft:iron_leggings":3,"minecraft:anvil":1,"minecraft:torch":304},"minecraft:broken":{"minecraft:golden_sword":1,"minecraft:iron_axe":1,"minecraft:wooden_sword":1,"minecraft:iron_pickaxe":3},"minecraft:custom":{"minecraft:interact_with_furnace":74,"minecraft:mob_kills":40,"minecraft:interact_with_crafting_table":50,"minecraft:leave_game":1,"minecraft:time_since_death":202249,"minecraft:climb_one_cm":6412,"minecraft:sleep_in_bed":4,"minecraft:time_since_rest":21571,"minecraft:sprint_one_cm":505975,"minecraft:damage_taken":1788,"minecraft:walk_one_cm":424453,"minecraft:damage_blocked_by_shield":185,"minecraft:drop":10,"minecraft:damage_dealt":6007,"minecraft:swim_one_cm":1338,"minecraft:fly_one_cm":307063,"minecraft:open_chest":139,"minecraft:crouch_one_cm":13788,"minecraft:play_time":202249,"minecraft:sneak_time":4052,"minecraft:walk_under_water_one_cm":10939,"minecraft:jump":2855,"minecraft:walk_on_water_one_cm":24444,"minecraft:total_world_time":202249,"minecraft:fall_one_cm":53330,"minecraft:horse_one_cm":26799},"minecraft:killed":{"minecraft:cave_spider":1,"minecraft:pig":8,"minecraft:spider":6,"minecraft:skeleton":4,"minecraft:sheep":1,"minecraft:zombie":6,"minecraft:silverfish":4,"minecraft:cow":8},"minecraft:dropped":{"minecraft:stone_axe":1,"minecraft:cobbled_deepslate":5,"minecraft:diamond":1,"minecraft:cooked_porkchop":5,"minecraft:rail":4,"minecraft:ward_armor_trim_smithing_template":1},"minecraft:mined":{"minecraft:deepslate_redstone_ore":5,"minecraft:tuff":27,"minecraft:deepslate_diamond_ore":8,"minecraft:crafting_table":7,"minecraft:torch":8,"minecraft:granite":17,"minecraft:emerald_ore":2,"minecraft:grass_block":17,"minecraft:calcite":1,"minecraft:deepslate_gold_ore":2,"minecraft:lapis_ore":6,"minecraft:oak_planks":70,"minecraft:wall_torch":6,"minecraft:amethyst_block":4,"minecraft:spawner":2,"minecraft:furnace":2,"minecraft:iron_ore":72,"minecraft:birch_log":10,"minecraft:redstone_torch":2,"minecraft:wheat":3,"minecraft:cobbled_deepslate":3,"minecraft:birch_leaves":20,"minecraft:andesite":2,"minecraft:grass":5,"minecraft:oak_log":34,"minecraft:coal_ore":200,"minecraft:deepslate_iron_ore":2,"minecraft:beetroots":4,"minecraft:gravel":3,"minecraft:stripped_oak_log":3,"minecraft:cobweb":1,"minecraft:smooth_basalt":12,"minecraft:stone":98,"minecraft:gold_ore":1,"minecraft:oak_leaves":140,"minecraft:deepslate":396,"minecraft:fern":1}},"DataVersion":3465}