{"stats":{"minecraft:picked_up":{"minecraft:stripped_oak_log":2,"minecraft:birch_log":10,"minecraft:crafting_table":6,"minecraft:leather":8,"minecraft:oak_log":34,"minecraft:lapis_lazuli":54,"minecraft:string":9,"minecraft:dirt":16,"minecraft:bone":1,"minecraft:apple":5,"minecraft:wheat_seeds":2,"minecraft:cobbled_deepslate":214,"minecraft:raw_gold":3,"minecraft:bucket":1,"minecraft:beef":14,"minecraft:iron_ingot":48,"minecraft:redstone_torch":5,"minecraft:iron_pickaxe":1,"minecraft:oak_planks":67,"minecraft:furnace":2,"minecraft:stick":38,"minecraft:raw_iron":40,"minecraft:cooked_porkchop":5,"minecraft:torch":17,"minecraft:porkchop":17,"minecraft:redstone":24,"minecraft:spider_eye":1,"minecraft:rotten_flesh":6,"minecraft:diamond":8,"minecraft:stone_axe":1,"minecraft:ward_armor_trim_smithing_template":1,"minecraft:emerald":1,"minecraft:oak_sapling":7,"minecraft:rail":4,"minecraft:mutton":1,"minecraft:coal":112,"minecraft:white_wool":1,"minecraft:cobblestone":63},"minecraft:used":{"minecraft:wheat_seeds":3,"minecraft:cooked_mutton":1,"minecraft:water_bucket":44,"minecraft:iron_shovel":21,"minecraft:iron_sword":119,"minecraft:iron_chestplate":1,"minecraft:torch":305,"minecraft:glow_berries":1,"minecraft:dirt":15,"minecraft:crafting_table":6,"minecraft:pumpkin_seeds":8,"minecraft:redstone_torch":4,"minecraft:iron_hoe":15,"minecraft:iron_axe":251,"minecraft:iron_pickaxe":646,"minecraft:iron_helmet":1,"minecraft:stone_axe":29,"minecraft:golden_sword":32,"minecraft:wooden_sword":71,"minecraft:cobblestone":3,"minecraft:porkchop":5,"minecraft:furnace":4,"minecraft:cooked_porkchop":8,"minecraft:beetroot_seeds":4,"minecraft:bucket":45,"minecraft:cooked_beef":13,"minecraft:cobbled_deepslate":1,"minecraft:iron_leggings":1},"minecraft:crafted":{"minecraft:cooked_beef":14,"minecraft:wooden_sword":2,"minecraft:oak_planks":24,"minecraft:cooked_porkchop":12,"minecraft:crafting_table":2,"minecraft:iron_sword":1,"minecraft:furnace":2,"minecraft:oak_wood":3,"minecraft:birch_planks":20,"minecraft:cooked_mutton":1,"minecraft:air":0,"minecraft:golden_apple":5,"minecraft:diamond_pickaxe":1,"minecraft:iron_boots":1,"minecraft:iron_chestplate":1,"minecraft:iron_axe":2,"minecraft:iron_hoe":1,"minecraft:stick":52,"minecraft:iron_ingot":44,"minecraft:iron_pickaxe":2,"minecraft:iron_block":3,"minecraft:gold_ingot":21,"minecraft:iron_leggings":3,"minecraft:anvil":1,"minecraft:torch":304},"minecraft:broken":{"minecraft:golden_sword":1,"minecraft:iron_axe":1,"minecraft:wooden_sword":1,"minecraft:iron_pickaxe":3},"minecraft:custom":{"minecraft:interact_with_furnace":60,"minecraft:mob_kills":36,"minecraft:interact_with_crafting_table":44,"minecraft:time_since_death":140963,"minecraft:sleep_in_bed":3,"minecraft:climb_one_cm":5342,"minecraft:time_since_rest":13884,"minecraft:sprint_one_cm":443594,"minecraft:damage_taken":1586,"minecraft:walk_one_cm":377101,"minecraft:drop":10,"minecraft:damage_dealt":5436,"minecraft:swim_one_cm":1338,"minecraft:fly_one_cm":235705,"minecraft:open_chest":118,"minecraft:crouch_one_cm":13573,"minecraft:play_time":140963,"minecraft:sneak_time":3973,"minecraft:walk_under_water_one_cm":8375,"minecraft:jump":2414,"minecraft:walk_on_water_one_cm":22566,"minecraft:total_world_time":140963,"minecraft:fall_one_cm":45083,"minecraft:horse_one_cm":26799},"minecraft:killed":{"minecraft:cave_spider":1,"minecraft:pig":7,"minecraft:spider":6,"minecraft:skeleton":1,"minecraft:sheep":1,"minecraft:zombie":6,"minecraft:silverfish":4,"minecraft:cow":8},"minecraft:dropped":{"minecraft:stone_axe":1,"minecraft:cobbled_deepslate":5,"minecraft:diamond":1,"minecraft:cooked_porkchop":5,"minecraft:rail":4,"minecraft:ward_armor_trim_smithing_template":1},"minecraft:mined":{"minecraft:deepslate_redstone_ore":5,"minecraft:tuff":27,"minecraft:deepslate_diamond_ore":8,"minecraft:crafting_table":6,"minecraft:torch":8,"minecraft:granite":17,"minecraft:emerald_ore":1,"minecraft:calcite":1,"minecraft:grass_block":17,"minecraft:deepslate_gold_ore":2,"minecraft:lapis_ore":6,"minecraft:oak_planks":69,"minecraft:wall_torch":6,"minecraft:amethyst_block":4,"minecraft:spawner":2,"minecraft:furnace":2,"minecraft:redstone_torch":2,"minecraft:birch_log":10,"minecraft:iron_ore":38,"minecraft:cobbled_deepslate":3,"minecraft:andesite":2,"minecraft:birch_leaves":20,"minecraft:grass":5,"minecraft:oak_log":34,"minecraft:coal_ore":50,"minecraft:deepslate_iron_ore":2,"minecraft:gravel":3,"minecraft:stripped_oak_log":3,"minecraft:cobweb":1,"minecraft:smooth_basalt":12,"minecraft:stone":66,"minecraft:gold_ore":1,"minecraft:deepslate":396,"minecraft:fern":1,"minecraft:oak_leaves":140}},"DataVersion":3465}