{"stats":{"minecraft:broken":{"minecraft:golden_sword":1,"minecraft:iron_axe":1,"minecraft:wooden_sword":1,"minecraft:iron_pickaxe":4},"minecraft:custom":{"minecraft:interact_with_anvil":1,"minecraft:mob_kills":87,"minecraft:interact_with_crafting_table":64,"minecraft:leave_game":2,"minecraft:time_since_death":276617,"minecraft:climb_one_cm":12729,"minecraft:sprint_one_cm":718202,"minecraft:walk_one_cm":615373,"minecraft:damage_blocked_by_shield":480,"minecraft:drop":17,"minecraft:play_time":276617,"minecraft:sneak_time":4704,"minecraft:walk_under_water_one_cm":15013,"minecraft:jump":4515,"minecraft:walk_on_water_one_cm":39598,"minecraft:total_world_time":276617,"minecraft:interact_with_furnace":100,"minecraft:sleep_in_bed":8,"minecraft:time_since_rest":6416,"minecraft:damage_taken":2429,"minecraft:damage_dealt":10925,"minecraft:swim_one_cm":15645,"minecraft:fly_one_cm":540753,"minecraft:open_chest":210,"minecraft:crouch_one_cm":15589,"minecraft:fall_one_cm":93926,"minecraft:horse_one_cm":53400},"minecraft:crafted":{"minecraft:wooden_sword":2,"minecraft:oak_planks":156,"minecraft:cooked_chicken":8,"minecraft:furnace":2,"minecraft:cooked_mutton":8,"minecraft:iron_boots":1,"minecraft:iron_axe":2,"minecraft:iron_hoe":1,"minecraft:chest":6,"minecraft:oak_fence":42,"minecraft:cooked_beef":24,"minecraft:cooked_porkchop":42,"minecraft:crafting_table":2,"minecraft:iron_sword":2,"minecraft:cooked_salmon":3,"minecraft:oak_wood":3,"minecraft:birch_planks":20,"minecraft:air":0,"minecraft:oak_fence_gate":2,"minecraft:diamond_pickaxe":1,"minecraft:iron_chestplate":1,"minecraft:golden_apple":5,"minecraft:shield":1,"minecraft:stick":120,"minecraft:iron_ingot":133,"minecraft:iron_pickaxe":3,"minecraft:iron_block":3,"minecraft:iron_leggings":3,"minecraft:gold_ingot":45,"minecraft:anvil":1,"minecraft:torch":344},"minecraft:mined":{"minecraft:tuff":27,"minecraft:deepslate_diamond_ore":8,"minecraft:granite":17,"minecraft:grass_block":22,"minecraft:spawner":2,"minecraft:tall_seagrass":2,"minecraft:furnace":2,"minecraft:iron_ore":107,"minecraft:cobbled_deepslate":3,"minecraft:andesite":2,"minecraft:pumpkin":1,"minecraft:deepslate_iron_ore":2,"minecraft:vine":1,"minecraft:stripped_oak_log":3,"minecraft:stone":124,"minecraft:deepslate_redstone_ore":5,"minecraft:crafting_table":7,"minecraft:torch":9,"minecraft:emerald_ore":3,"minecraft:calcite":1,"minecraft:melon":19,"minecraft:chest":4,"minecraft:cobblestone":5,"minecraft:lapis_ore":6,"minecraft:deepslate_gold_ore":2,"minecraft:oak_planks":70,"minecraft:diorite":3,"minecraft:wall_torch":6,"minecraft:amethyst_block":4,"minecraft:seagrass":1,"minecraft:birch_log":10,"minecraft:redstone_torch":2,"minecraft:wheat":8,"minecraft:birch_leaves":20,"minecraft:grass":26,"minecraft:oak_log":40,"minecraft:coal_ore":325,"minecraft:beetroots":12,"minecraft:gravel":3,"minecraft:sand":37,"minecraft:cobweb":1,"minecraft:smooth_basalt":12,"minecraft:gold_ore":1,"minecraft:oak_leaves":159,"minecraft:deepslate":396,"minecraft:fern":6},"minecraft:killed":{"minecraft:cave_spider":1,"minecraft:spider":7,"minecraft:skeleton":6,"minecraft:chicken":8,"minecraft:silverfish":4,"minecraft:pig":20,"minecraft:salmon":3,"minecraft:creeper":1,"minecraft:sheep":9,"minecraft:zombie":13,"minecraft:cow":13},"minecraft:used":{"minecraft:beetroot":1,"minecraft:oak_fence":29,"minecraft:iron_shovel":61,"minecraft:chest":10,"minecraft:shield":16,"minecraft:stone":14,"minecraft:iron_sword":268,"minecraft:cooked_chicken":9,"minecraft:iron_chestplate":1,"minecraft:torch":350,"minecraft:dirt":15,"minecraft:oak_fence_gate":2,"minecraft:iron_hoe":16,"minecraft:iron_axe":311,"minecraft:iron_helmet":1,"minecraft:golden_sword":32,"minecraft:furnace":4,"minecraft:beetroot_seeds":12,"minecraft:cooked_beef":14,"minecraft:cobbled_deepslate":1,"minecraft:iron_leggings":1,"minecraft:wheat_seeds":17,"minecraft:cooked_mutton":2,"minecraft:water_bucket":88,"minecraft:oak_planks":21,"minecraft:glow_berries":1,"minecraft:crafting_table":8,"minecraft:pumpkin_seeds":8,"minecraft:redstone_torch":4,"minecraft:iron_pickaxe":1059,"minecraft:melon_slice":2,"minecraft:stone_axe":29,"minecraft:wooden_sword":71,"minecraft:cobblestone":8,"minecraft:porkchop":5,"minecraft:cooked_porkchop":13,"minecraft:bucket":89},"minecraft:dropped":{"minecraft:cooked_beef":8,"minecraft:diamond":1,"minecraft:cooked_porkchop":9,"minecraft:lead":1,"minecraft:rail":4,"minecraft:stone_axe":1,"minecraft:cobbled_deepslate":5,"minecraft:ward_armor_trim_smithing_template":1,"minecraft:arrow":6,"minecraft:bow":1},"minecraft:picked_up":{"minecraft:crafting_table":7,"minecraft:iron_chestplate":1,"minecraft:wheat":4,"minecraft:chicken":8,"minecraft:lead":6,"minecraft:enchanted_book":1,"minecraft:shield":1,"minecraft:string":37,"minecraft:iron_leggings":1,"minecraft:beetroot":12,"minecraft:cobbled_deepslate":394,"minecraft:bucket":1,"minecraft:beef":24,"minecraft:redstone_torch":6,"minecraft:iron_pickaxe":1,"minecraft:melon_slice":81,"minecraft:chest":4,"minecraft:egg":1,"minecraft:furnace":2,"minecraft:iron_boots":1,"minecraft:stick":45,"minecraft:raw_iron":109,"minecraft:torch":21,"minecraft:porkchop":47,"minecraft:diorite":3,"minecraft:redstone":90,"minecraft:rotten_flesh":30,"minecraft:arrow":25,"minecraft:beetroot_seeds":33,"minecraft:ward_armor_trim_smithing_template":1,"minecraft:mutton":8,"minecraft:glow_berries":4,"minecraft:obsidian":8,"minecraft:rail":4,"minecraft:white_wool":9,"minecraft:cobblestone":301,"minecraft:birch_log":10,"minecraft:stripped_oak_log":2,"minecraft:feather":7,"minecraft:salmon":3,"minecraft:leather":16,"minecraft:birch_planks":6,"minecraft:oak_log":40,"minecraft:gunpowder":1,"minecraft:lapis_lazuli":54,"minecraft:dirt":27,"minecraft:name_tag":1,"minecraft:bone":21,"minecraft:apple":5,"minecraft:bow":4,"minecraft:wheat_seeds":22,"minecraft:raw_gold":3,"minecraft:iron_ingot":112,"minecraft:oak_planks":129,"minecraft:smooth_basalt":12,"minecraft:cooked_porkchop":7,"minecraft:pumpkin":1,"minecraft:sand":36,"minecraft:soul_torch":1,"minecraft:spider_eye":4,"minecraft:stone_axe":1,"minecraft:diamond":8,"minecraft:golden_apple":5,"minecraft:emerald":3,"minecraft:oak_sapling":8,"minecraft:coal":487}},"DataVersion":3465}