{"stats":{"minecraft:broken":{"minecraft:golden_sword":1,"minecraft:iron_axe":1,"minecraft:wooden_sword":1,"minecraft:iron_sword":1,"minecraft:iron_pickaxe":6},"minecraft:custom":{"minecraft:interact_with_anvil":7,"minecraft:mob_kills":109,"minecraft:animals_bred":3,"minecraft:interact_with_crafting_table":70,"minecraft:leave_game":3,"minecraft:time_since_death":346848,"minecraft:climb_one_cm":15410,"minecraft:sprint_one_cm":910931,"minecraft:walk_one_cm":800990,"minecraft:damage_blocked_by_shield":955,"minecraft:drop":32,"minecraft:play_time":346848,"minecraft:sneak_time":6868,"minecraft:walk_under_water_one_cm":23282,"minecraft:jump":5755,"minecraft:walk_on_water_one_cm":55379,"minecraft:enchant_item":6,"minecraft:total_world_time":346848,"minecraft:interact_with_furnace":108,"minecraft:sleep_in_bed":10,"minecraft:time_since_rest":23788,"minecraft:damage_taken":3083,"minecraft:damage_dealt":13855,"minecraft:swim_one_cm":18631,"minecraft:fly_one_cm":718158,"minecraft:open_chest":238,"minecraft:crouch_one_cm":21741,"minecraft:fall_one_cm":126501,"minecraft:horse_one_cm":53400},"minecraft:crafted":{"minecraft:wooden_sword":2,"minecraft:oak_planks":156,"minecraft:cooked_chicken":8,"minecraft:furnace":2,"minecraft:cooked_mutton":11,"minecraft:iron_boots":1,"minecraft:iron_axe":2,"minecraft:iron_hoe":1,"minecraft:chest":6,"minecraft:oak_fence":42,"minecraft:cooked_beef":24,"minecraft:cooked_porkchop":44,"minecraft:crafting_table":2,"minecraft:iron_sword":2,"minecraft:cooked_salmon":3,"minecraft:oak_wood":3,"minecraft:birch_planks":20,"minecraft:air":0,"minecraft:oak_fence_gate":2,"minecraft:diamond_pickaxe":1,"minecraft:iron_chestplate":1,"minecraft:golden_apple":5,"minecraft:shield":1,"minecraft:stick":192,"minecraft:iron_ingot":159,"minecraft:iron_pickaxe":8,"minecraft:iron_block":3,"minecraft:iron_leggings":3,"minecraft:gold_ingot":45,"minecraft:anvil":1,"minecraft:torch":624},"minecraft:mined":{"minecraft:tuff":27,"minecraft:deepslate_diamond_ore":12,"minecraft:granite":17,"minecraft:grass_block":30,"minecraft:jungle_planks":2,"minecraft:spawner":3,"minecraft:tall_seagrass":2,"minecraft:redstone_ore":8,"minecraft:furnace":2,"minecraft:iron_ore":118,"minecraft:cobbled_deepslate":4,"minecraft:andesite":2,"minecraft:pumpkin":1,"minecraft:deepslate_lapis_ore":15,"minecraft:deepslate_iron_ore":26,"minecraft:vine":1,"minecraft:stripped_oak_log":3,"minecraft:stone":866,"minecraft:deepslate_redstone_ore":24,"minecraft:crafting_table":7,"minecraft:torch":11,"minecraft:emerald_ore":3,"minecraft:calcite":1,"minecraft:melon":19,"minecraft:chest":4,"minecraft:cobblestone":6,"minecraft:lapis_ore":8,"minecraft:deepslate_gold_ore":4,"minecraft:oak_planks":83,"minecraft:diorite":3,"minecraft:wall_torch":6,"minecraft:amethyst_block":4,"minecraft:seagrass":1,"minecraft:birch_log":10,"minecraft:redstone_torch":2,"minecraft:wheat":11,"minecraft:birch_leaves":20,"minecraft:pumpkin_stem":7,"minecraft:grass":29,"minecraft:oak_log":40,"minecraft:coal_ore":336,"minecraft:beetroots":12,"minecraft:gravel":37,"minecraft:sand":37,"minecraft:dirt":12,"minecraft:cobweb":1,"minecraft:smooth_basalt":14,"minecraft:gold_ore":1,"minecraft:oak_leaves":159,"minecraft:deepslate":405,"minecraft:fern":7},"minecraft:killed":{"minecraft:cave_spider":1,"minecraft:spider":7,"minecraft:skeleton":11,"minecraft:chicken":8,"minecraft:silverfish":4,"minecraft:pig":24,"minecraft:salmon":3,"minecraft:creeper":1,"minecraft:sheep":14,"minecraft:zombie":17,"minecraft:cow":17},"minecraft:used":{"minecraft:beetroot":1,"minecraft:oak_fence":29,"minecraft:iron_shovel":115,"minecraft:chest":10,"minecraft:shield":27,"minecraft:stone":14,"minecraft:iron_sword":339,"minecraft:cooked_chicken":10,"minecraft:iron_chestplate":1,"minecraft:torch":514,"minecraft:dirt":15,"minecraft:oak_fence_gate":2,"minecraft:iron_hoe":18,"minecraft:iron_axe":326,"minecraft:iron_helmet":1,"minecraft:melon_seeds":2,"minecraft:golden_sword":32,"minecraft:furnace":4,"minecraft:beetroot_seeds":13,"minecraft:cooked_beef":14,"minecraft:cobbled_deepslate":3,"minecraft:iron_leggings":1,"minecraft:wheat_seeds":25,"minecraft:cooked_mutton":2,"minecraft:water_bucket":115,"minecraft:lead":2,"minecraft:oak_planks":38,"minecraft:glow_berries":1,"minecraft:crafting_table":8,"minecraft:pumpkin_seeds":9,"minecraft:redstone_torch":4,"minecraft:iron_pickaxe":1911,"minecraft:melon_slice":2,"minecraft:stone_axe":29,"minecraft:wooden_sword":71,"minecraft:cobblestone":38,"minecraft:porkchop":5,"minecraft:cooked_porkchop":23,"minecraft:bucket":116},"minecraft:dropped":{"minecraft:cooked_beef":8,"minecraft:diamond":1,"minecraft:cooked_porkchop":9,"minecraft:cobblestone":128,"minecraft:lead":1,"minecraft:rail":4,"minecraft:dirt":20,"minecraft:iron_pickaxe":8,"minecraft:stone_axe":1,"minecraft:cobbled_deepslate":7,"minecraft:rotten_flesh":2,"minecraft:ward_armor_trim_smithing_template":1,"minecraft:bow":1,"minecraft:arrow":9},"minecraft:picked_up":{"minecraft:crafting_table":7,"minecraft:iron_chestplate":1,"minecraft:wheat":4,"minecraft:chicken":8,"minecraft:lead":8,"minecraft:enchanted_book":1,"minecraft:shield":1,"minecraft:string":37,"minecraft:iron_leggings":1,"minecraft:beetroot":12,"minecraft:cobbled_deepslate":403,"minecraft:bucket":1,"minecraft:beef":32,"minecraft:redstone_torch":6,"minecraft:iron_pickaxe":8,"minecraft:light_gray_wool":1,"minecraft:melon_slice":81,"minecraft:chest":4,"minecraft:furnace":2,"minecraft:egg":1,"minecraft:iron_boots":1,"minecraft:stick":45,"minecraft:raw_iron":142,"minecraft:torch":27,"minecraft:porkchop":54,"minecraft:diorite":3,"minecraft:redstone":90,"minecraft:arrow":28,"minecraft:rotten_flesh":34,"minecraft:beetroot_seeds":33,"minecraft:ward_armor_trim_smithing_template":1,"minecraft:obsidian":8,"minecraft:glow_berries":4,"minecraft:mutton":16,"minecraft:rail":4,"minecraft:white_wool":13,"minecraft:cobblestone":944,"minecraft:birch_log":10,"minecraft:stripped_oak_log":2,"minecraft:feather":7,"minecraft:salmon":3,"minecraft:leather":20,"minecraft:birch_planks":6,"minecraft:flint":4,"minecraft:oak_log":40,"minecraft:gunpowder":1,"minecraft:lapis_lazuli":155,"minecraft:dirt":47,"minecraft:name_tag":1,"minecraft:bone":21,"minecraft:apple":5,"minecraft:bow":4,"minecraft:wheat_seeds":27,"minecraft:raw_gold":4,"minecraft:iron_ingot":112,"minecraft:oak_planks":142,"minecraft:smooth_basalt":12,"minecraft:cooked_porkchop":7,"minecraft:pumpkin":1,"minecraft:gravel":31,"minecraft:sand":36,"minecraft:soul_torch":1,"minecraft:spider_eye":4,"minecraft:pumpkin_seeds":11,"minecraft:diamond":12,"minecraft:stone_axe":1,"minecraft:golden_apple":5,"minecraft:emerald":3,"minecraft:oak_sapling":8,"minecraft:coal":498}},"DataVersion":3465}