{"stats":{"minecraft:picked_up":{"minecraft:raw_iron":13,"minecraft:crafting_table":2,"minecraft:leather":8,"minecraft:porkchop":13,"minecraft:oak_log":4,"minecraft:stone_axe":1,"minecraft:wheat_seeds":2,"minecraft:iron_ingot":24,"minecraft:beef":14,"minecraft:mutton":1,"minecraft:white_wool":1,"minecraft:cobblestone":4},"minecraft:used":{"minecraft:iron_pickaxe":18,"minecraft:iron_helmet":1,"minecraft:iron_chestplate":1,"minecraft:stone_axe":15,"minecraft:golden_sword":32,"minecraft:wooden_sword":71,"minecraft:crafting_table":2,"minecraft:porkchop":5,"minecraft:iron_leggings":1},"minecraft:crafted":{"minecraft:wooden_sword":2,"minecraft:oak_planks":12,"minecraft:iron_chestplate":1,"minecraft:crafting_table":1,"minecraft:stick":4,"minecraft:iron_leggings":3,"minecraft:oak_wood":3},"minecraft:broken":{"minecraft:golden_sword":1,"minecraft:wooden_sword":1},"minecraft:custom":{"minecraft:time_since_rest":12904,"minecraft:sprint_one_cm":58341,"minecraft:damage_taken":235,"minecraft:walk_one_cm":48725,"minecraft:mob_kills":14,"minecraft:drop":1,"minecraft:damage_dealt":1383,"minecraft:swim_one_cm":1338,"minecraft:interact_with_crafting_table":8,"minecraft:fly_one_cm":36015,"minecraft:open_chest":12,"minecraft:crouch_one_cm":92,"minecraft:play_time":14963,"minecraft:sneak_time":23,"minecraft:walk_under_water_one_cm":115,"minecraft:jump":397,"minecraft:walk_on_water_one_cm":280,"minecraft:time_since_death":14963,"minecraft:sleep_in_bed":1,"minecraft:climb_one_cm":5081,"minecraft:total_world_time":14963,"minecraft:fall_one_cm":5855},"minecraft:killed":{"minecraft:sheep":1,"minecraft:pig":5,"minecraft:cow":8},"minecraft:mined":{"minecraft:iron_ore":13,"minecraft:crafting_table":2,"minecraft:grass":4,"minecraft:oak_log":4,"minecraft:stone":4,"minecraft:oak_leaves":8,"minecraft:fern":1},"minecraft:dropped":{"minecraft:stone_axe":1}},"DataVersion":3465}