{"stats":{"minecraft:picked_up":{"minecraft:stripped_oak_log":2,"minecraft:birch_log":6,"minecraft:crafting_table":3,"minecraft:leather":8,"minecraft:oak_log":7,"minecraft:lapis_lazuli":39,"minecraft:string":4,"minecraft:dirt":1,"minecraft:wheat_seeds":2,"minecraft:cobbled_deepslate":7,"minecraft:raw_gold":2,"minecraft:bucket":1,"minecraft:beef":14,"minecraft:iron_ingot":24,"minecraft:redstone_torch":5,"minecraft:oak_planks":67,"minecraft:furnace":2,"minecraft:stick":36,"minecraft:raw_iron":28,"minecraft:cooked_porkchop":5,"minecraft:torch":10,"minecraft:porkchop":13,"minecraft:redstone":5,"minecraft:rotten_flesh":2,"minecraft:diamond":2,"minecraft:stone_axe":1,"minecraft:ward_armor_trim_smithing_template":1,"minecraft:emerald":1,"minecraft:rail":3,"minecraft:mutton":1,"minecraft:coal":44,"minecraft:white_wool":1,"minecraft:cobblestone":18},"minecraft:used":{"minecraft:cooked_mutton":1,"minecraft:water_bucket":9,"minecraft:iron_shovel":1,"minecraft:iron_sword":58,"minecraft:iron_chestplate":1,"minecraft:torch":133,"minecraft:crafting_table":3,"minecraft:redstone_torch":4,"minecraft:iron_axe":71,"minecraft:iron_pickaxe":115,"minecraft:iron_helmet":1,"minecraft:stone_axe":29,"minecraft:golden_sword":32,"minecraft:wooden_sword":71,"minecraft:porkchop":5,"minecraft:furnace":2,"minecraft:cooked_porkchop":8,"minecraft:bucket":10,"minecraft:cooked_beef":2,"minecraft:iron_leggings":1},"minecraft:crafted":{"minecraft:cooked_beef":14,"minecraft:wooden_sword":2,"minecraft:oak_planks":24,"minecraft:cooked_porkchop":8,"minecraft:crafting_table":2,"minecraft:iron_sword":1,"minecraft:furnace":2,"minecraft:oak_wood":3,"minecraft:birch_planks":20,"minecraft:cooked_mutton":1,"minecraft:air":0,"minecraft:iron_boots":1,"minecraft:iron_chestplate":1,"minecraft:iron_axe":1,"minecraft:stick":24,"minecraft:iron_ingot":17,"minecraft:iron_pickaxe":1,"minecraft:iron_leggings":3,"minecraft:torch":176},"minecraft:broken":{"minecraft:golden_sword":1,"minecraft:wooden_sword":1},"minecraft:custom":{"minecraft:interact_with_furnace":43,"minecraft:mob_kills":22,"minecraft:interact_with_crafting_table":25,"minecraft:time_since_death":56963,"minecraft:sleep_in_bed":2,"minecraft:climb_one_cm":5342,"minecraft:time_since_rest":40660,"minecraft:sprint_one_cm":169126,"minecraft:damage_taken":915,"minecraft:walk_one_cm":188081,"minecraft:drop":7,"minecraft:damage_dealt":2959,"minecraft:swim_one_cm":1338,"minecraft:fly_one_cm":109727,"minecraft:open_chest":46,"minecraft:crouch_one_cm":10328,"minecraft:play_time":56963,"minecraft:sneak_time":2782,"minecraft:walk_under_water_one_cm":4070,"minecraft:jump":1107,"minecraft:walk_on_water_one_cm":9253,"minecraft:total_world_time":56963,"minecraft:fall_one_cm":24551,"minecraft:horse_one_cm":9312},"minecraft:killed":{"minecraft:cave_spider":1,"minecraft:pig":5,"minecraft:spider":2,"minecraft:sheep":1,"minecraft:zombie":1,"minecraft:silverfish":4,"minecraft:cow":8},"minecraft:dropped":{"minecraft:stone_axe":1,"minecraft:cooked_porkchop":5,"minecraft:ward_armor_trim_smithing_template":1},"minecraft:mined":{"minecraft:deepslate_redstone_ore":1,"minecraft:deepslate_diamond_ore":2,"minecraft:crafting_table":3,"minecraft:torch":6,"minecraft:emerald_ore":1,"minecraft:grass_block":1,"minecraft:deepslate_gold_ore":2,"minecraft:lapis_ore":6,"minecraft:oak_planks":69,"minecraft:wall_torch":2,"minecraft:furnace":2,"minecraft:redstone_torch":2,"minecraft:birch_log":6,"minecraft:iron_ore":27,"minecraft:birch_leaves":2,"minecraft:grass":4,"minecraft:oak_log":7,"minecraft:coal_ore":45,"minecraft:deepslate_iron_ore":2,"minecraft:stripped_oak_log":3,"minecraft:cobweb":1,"minecraft:stone":19,"minecraft:deepslate":7,"minecraft:fern":1,"minecraft:oak_leaves":8}},"DataVersion":3465}