{"stats":{"minecraft:picked_up":{"minecraft:crafting_table":7,"minecraft:iron_chestplate":1,"minecraft:wheat":14,"minecraft:chicken":18,"minecraft:lead":8,"minecraft:enchanted_book":1,"minecraft:shield":2,"minecraft:string":37,"minecraft:moss_carpet":1,"minecraft:iron_axe":1,"minecraft:iron_leggings":1,"minecraft:iron_shovel":1,"minecraft:beetroot":13,"minecraft:cobbled_deepslate":437,"minecraft:bucket":1,"minecraft:beef":36,"minecraft:redstone_torch":6,"minecraft:light_gray_wool":2,"minecraft:iron_pickaxe":9,"minecraft:melon_slice":81,"minecraft:chest":4,"minecraft:furnace":2,"minecraft:iron_boots":1,"minecraft:egg":4,"minecraft:stick":45,"minecraft:raw_iron":262,"minecraft:torch":41,"minecraft:porkchop":79,"minecraft:diorite":3,"minecraft:redstone":267,"minecraft:arrow":47,"minecraft:rotten_flesh":53,"minecraft:tropical_fish":4,"minecraft:beetroot_seeds":34,"minecraft:ward_armor_trim_smithing_template":1,"minecraft:obsidian":8,"minecraft:glow_berries":6,"minecraft:mutton":24,"minecraft:rail":4,"minecraft:white_wool":17,"minecraft:cobblestone":1028,"minecraft:birch_log":10,"minecraft:stripped_oak_log":2,"minecraft:feather":22,"minecraft:andesite":4,"minecraft:salmon":3,"minecraft:leather":21,"minecraft:birch_planks":6,"minecraft:flint":4,"minecraft:tuff":1,"minecraft:oak_log":40,"minecraft:gunpowder":1,"minecraft:lapis_lazuli":266,"minecraft:dirt":55,"minecraft:name_tag":1,"minecraft:bone":39,"minecraft:apple":5,"minecraft:bow":5,"minecraft:wheat_seeds":84,"minecraft:raw_gold":5,"minecraft:iron_ingot":112,"minecraft:moss_block":8,"minecraft:iron_sword":1,"minecraft:oak_planks":142,"minecraft:smooth_basalt":12,"minecraft:cooked_porkchop":7,"minecraft:pumpkin":1,"minecraft:gravel":35,"minecraft:sand":36,"minecraft:soul_torch":1,"minecraft:spider_eye":4,"minecraft:pumpkin_seeds":11,"minecraft:diamond":18,"minecraft:stone_axe":1,"minecraft:granite":1,"minecraft:golden_apple":5,"minecraft:emerald":5,"minecraft:oak_sapling":8,"minecraft:melon_seeds":4,"minecraft:coal":710},"minecraft:used":{"minecraft:oak_fence":29,"minecraft:beetroot":1,"minecraft:moss_block":8,"minecraft:iron_shovel":177,"minecraft:chest":10,"minecraft:shield":67,"minecraft:stone":14,"minecraft:iron_sword":629,"minecraft:cooked_chicken":13,"minecraft:iron_chestplate":2,"minecraft:torch":885,"minecraft:dirt":37,"minecraft:tuff":1,"minecraft:granite":1,"minecraft:oak_fence_gate":2,"minecraft:iron_hoe":38,"minecraft:iron_axe":338,"minecraft:iron_helmet":2,"minecraft:iron_boots":1,"minecraft:melon_seeds":4,"minecraft:golden_sword":32,"minecraft:furnace":5,"minecraft:beetroot_seeds":13,"minecraft:cooked_beef":14,"minecraft:cobbled_deepslate":4,"minecraft:iron_leggings":3,"minecraft:wheat_seeds":65,"minecraft:cooked_mutton":6,"minecraft:water_bucket":197,"minecraft:lead":2,"minecraft:oak_planks":49,"minecraft:golden_apple":1,"minecraft:glow_berries":1,"minecraft:crafting_table":8,"minecraft:pumpkin_seeds":9,"minecraft:redstone_torch":4,"minecraft:iron_pickaxe":2480,"minecraft:melon_slice":81,"minecraft:gravel":6,"minecraft:stone_axe":29,"minecraft:wooden_sword":71,"minecraft:cobblestone":204,"minecraft:porkchop":5,"minecraft:cooked_porkchop":43,"minecraft:bucket":198},"minecraft:crafted":{"minecraft:wooden_sword":2,"minecraft:oak_planks":188,"minecraft:cooked_chicken":18,"minecraft:furnace":3,"minecraft:cooked_mutton":24,"minecraft:iron_boots":2,"minecraft:iron_axe":3,"minecraft:iron_hoe":2,"minecraft:chest":6,"minecraft:oak_button":1,"minecraft:oak_fence":42,"minecraft:cooked_beef":28,"minecraft:cooked_porkchop":74,"minecraft:crafting_table":2,"minecraft:iron_helmet":1,"minecraft:iron_sword":3,"minecraft:cooked_salmon":3,"minecraft:oak_wood":3,"minecraft:birch_planks":20,"minecraft:air":0,"minecraft:jungle_planks":8,"minecraft:oak_fence_gate":2,"minecraft:diamond_pickaxe":2,"minecraft:iron_chestplate":1,"minecraft:golden_apple":5,"minecraft:shield":1,"minecraft:stick":252,"minecraft:iron_ingot":307,"minecraft:iron_pickaxe":9,"minecraft:iron_block":3,"minecraft:iron_shovel":1,"minecraft:iron_leggings":3,"minecraft:gold_ingot":45,"minecraft:anvil":1,"minecraft:torch":912},"minecraft:broken":{"minecraft:golden_sword":1,"minecraft:iron_axe":1,"minecraft:wooden_sword":1,"minecraft:iron_pickaxe":6,"minecraft:iron_sword":1},"minecraft:custom":{"minecraft:interact_with_anvil":12,"minecraft:mob_kills":186,"minecraft:animals_bred":9,"minecraft:interact_with_crafting_table":86,"minecraft:leave_game":9,"minecraft:time_since_death":172115,"minecraft:climb_one_cm":32858,"minecraft:sprint_one_cm":1476001,"minecraft:walk_one_cm":1275539,"minecraft:damage_blocked_by_shield":2075,"minecraft:drop":55,"minecraft:play_time":556143,"minecraft:sneak_time":16968,"minecraft:deaths":1,"minecraft:walk_under_water_one_cm":56390,"minecraft:jump":10251,"minecraft:walk_on_water_one_cm":112145,"minecraft:enchant_item":6,"minecraft:total_world_time":556143,"minecraft:interact_with_furnace":174,"minecraft:sleep_in_bed":13,"minecraft:time_since_rest":29027,"minecraft:damage_taken":6145,"minecraft:damage_absorbed":40,"minecraft:damage_dealt":24984,"minecraft:swim_one_cm":57050,"minecraft:fly_one_cm":1305063,"minecraft:open_chest":370,"minecraft:crouch_one_cm":55559,"minecraft:fall_one_cm":254438,"minecraft:horse_one_cm":53400},"minecraft:killed":{"minecraft:cave_spider":1,"minecraft:spider":9,"minecraft:skeleton":27,"minecraft:chicken":18,"minecraft:silverfish":4,"minecraft:parrot":1,"minecraft:pig":38,"minecraft:zombie_villager":1,"minecraft:salmon":3,"minecraft:bat":1,"minecraft:creeper":1,"minecraft:sheep":19,"minecraft:zombie":40,"minecraft:cow":19},"minecraft:mined":{"minecraft:tuff":28,"minecraft:deepslate_diamond_ore":18,"minecraft:sculk_vein":1,"minecraft:jungle_leaves":2,"minecraft:cave_vines_plant":1,"minecraft:granite":18,"minecraft:grass_block":32,"minecraft:jungle_planks":2,"minecraft:moss_block":8,"minecraft:spawner":5,"minecraft:tall_seagrass":2,"minecraft:redstone_ore":12,"minecraft:furnace":2,"minecraft:iron_ore":198,"minecraft:cobbled_deepslate":4,"minecraft:andesite":6,"minecraft:pumpkin":1,"minecraft:deepslate_lapis_ore":27,"minecraft:deepslate_iron_ore":66,"minecraft:vine":2,"minecraft:stripped_oak_log":3,"minecraft:stone":943,"minecraft:deepslate_redstone_ore":81,"minecraft:flowering_azalea":1,"minecraft:melon_stem":1,"minecraft:crafting_table":7,"minecraft:torch":18,"minecraft:emerald_ore":6,"minecraft:calcite":1,"minecraft:melon":19,"minecraft:chest":4,"minecraft:sculk_sensor":3,"minecraft:tall_grass":1,"minecraft:cobblestone":13,"minecraft:deepslate_coal_ore":1,"minecraft:deepslate_gold_ore":5,"minecraft:lapis_ore":14,"minecraft:oak_planks":83,"minecraft:sculk":1,"minecraft:diorite":3,"minecraft:wall_torch":8,"minecraft:amethyst_block":4,"minecraft:seagrass":1,"minecraft:birch_log":10,"minecraft:redstone_torch":2,"minecraft:wheat":27,"minecraft:birch_leaves":20,"minecraft:pumpkin_stem":7,"minecraft:grass":130,"minecraft:oak_log":40,"minecraft:coal_ore":567,"minecraft:beetroots":13,"minecraft:gravel":41,"minecraft:sand":37,"minecraft:dirt":18,"minecraft:cobweb":1,"minecraft:smooth_basalt":14,"minecraft:gold_ore":1,"minecraft:oak_leaves":170,"minecraft:deepslate":434,"minecraft:fern":16},"minecraft:dropped":{"minecraft:iron_sword":1,"minecraft:cooked_beef":8,"minecraft:diamond":1,"minecraft:cooked_porkchop":9,"minecraft:cobblestone":128,"minecraft:lead":1,"minecraft:tropical_fish":4,"minecraft:rail":4,"minecraft:dirt":20,"minecraft:iron_pickaxe":8,"minecraft:stone_axe":1,"minecraft:cobbled_deepslate":7,"minecraft:rotten_flesh":5,"minecraft:oak_planks":12,"minecraft:cooked_mutton":2,"minecraft:ward_armor_trim_smithing_template":1,"minecraft:bow":1,"minecraft:arrow":12}},"DataVersion":3465}