{"stats":{"minecraft:picked_up":{"minecraft:stone_axe":1},"minecraft:used":{"minecraft:iron_helmet":1},"minecraft:custom":{"minecraft:jump":59,"minecraft:open_chest":5,"minecraft:time_since_rest":904,"minecraft:crouch_one_cm":92,"minecraft:sprint_one_cm":9235,"minecraft:play_time":2963,"minecraft:damage_taken":125,"minecraft:time_since_death":2963,"minecraft:walk_one_cm":6258,"minecraft:sleep_in_bed":1,"minecraft:sneak_time":23,"minecraft:climb_one_cm":1162,"minecraft:total_world_time":2963,"minecraft:drop":1,"minecraft:fall_one_cm":1163,"minecraft:fly_one_cm":8852},"minecraft:dropped":{"minecraft:stone_axe":1}},"DataVersion":3465}