{"stats":{"minecraft:picked_up":{"minecraft:stripped_oak_log":2,"minecraft:birch_log":6,"minecraft:crafting_table":5,"minecraft:leather":8,"minecraft:oak_log":7,"minecraft:lapis_lazuli":54,"minecraft:string":9,"minecraft:dirt":1,"minecraft:bone":1,"minecraft:wheat_seeds":2,"minecraft:cobbled_deepslate":132,"minecraft:raw_gold":2,"minecraft:bucket":1,"minecraft:beef":14,"minecraft:iron_ingot":24,"minecraft:redstone_torch":5,"minecraft:oak_planks":67,"minecraft:furnace":2,"minecraft:stick":36,"minecraft:raw_iron":28,"minecraft:cooked_porkchop":5,"minecraft:torch":15,"minecraft:porkchop":13,"minecraft:redstone":24,"minecraft:spider_eye":1,"minecraft:rotten_flesh":6,"minecraft:diamond":8,"minecraft:stone_axe":1,"minecraft:ward_armor_trim_smithing_template":1,"minecraft:emerald":1,"minecraft:rail":3,"minecraft:mutton":1,"minecraft:coal":108,"minecraft:white_wool":1,"minecraft:cobblestone":18},"minecraft:used":{"minecraft:cooked_mutton":1,"minecraft:water_bucket":24,"minecraft:iron_shovel":1,"minecraft:iron_sword":97,"minecraft:iron_chestplate":1,"minecraft:torch":251,"minecraft:crafting_table":5,"minecraft:redstone_torch":4,"minecraft:iron_axe":73,"minecraft:iron_pickaxe":438,"minecraft:iron_helmet":1,"minecraft:stone_axe":29,"minecraft:golden_sword":32,"minecraft:wooden_sword":71,"minecraft:cobblestone":3,"minecraft:porkchop":5,"minecraft:furnace":2,"minecraft:cooked_porkchop":8,"minecraft:bucket":25,"minecraft:cooked_beef":7,"minecraft:iron_leggings":1},"minecraft:crafted":{"minecraft:cooked_beef":14,"minecraft:wooden_sword":2,"minecraft:oak_planks":24,"minecraft:cooked_porkchop":8,"minecraft:crafting_table":2,"minecraft:iron_sword":1,"minecraft:furnace":2,"minecraft:oak_wood":3,"minecraft:birch_planks":20,"minecraft:cooked_mutton":1,"minecraft:air":0,"minecraft:iron_boots":1,"minecraft:iron_chestplate":1,"minecraft:iron_axe":1,"minecraft:stick":44,"minecraft:iron_ingot":17,"minecraft:iron_pickaxe":1,"minecraft:iron_leggings":3,"minecraft:torch":304},"minecraft:broken":{"minecraft:golden_sword":1,"minecraft:wooden_sword":1,"minecraft:iron_pickaxe":1},"minecraft:custom":{"minecraft:interact_with_furnace":43,"minecraft:mob_kills":30,"minecraft:interact_with_crafting_table":27,"minecraft:time_since_death":92963,"minecraft:sleep_in_bed":2,"minecraft:climb_one_cm":5342,"minecraft:time_since_rest":76660,"minecraft:sprint_one_cm":273661,"minecraft:damage_taken":1243,"minecraft:walk_one_cm":289391,"minecraft:drop":8,"minecraft:damage_dealt":4522,"minecraft:swim_one_cm":1338,"minecraft:fly_one_cm":136985,"minecraft:open_chest":52,"minecraft:crouch_one_cm":12903,"minecraft:play_time":92963,"minecraft:sneak_time":3710,"minecraft:walk_under_water_one_cm":5003,"minecraft:jump":1543,"minecraft:walk_on_water_one_cm":17512,"minecraft:total_world_time":92963,"minecraft:fall_one_cm":27313,"minecraft:horse_one_cm":9312},"minecraft:killed":{"minecraft:cave_spider":1,"minecraft:pig":5,"minecraft:spider":6,"minecraft:skeleton":1,"minecraft:sheep":1,"minecraft:zombie":4,"minecraft:silverfish":4,"minecraft:cow":8},"minecraft:dropped":{"minecraft:stone_axe":1,"minecraft:cobbled_deepslate":5,"minecraft:cooked_porkchop":5,"minecraft:ward_armor_trim_smithing_template":1},"minecraft:mined":{"minecraft:deepslate_redstone_ore":5,"minecraft:tuff":27,"minecraft:deepslate_diamond_ore":8,"minecraft:crafting_table":5,"minecraft:torch":8,"minecraft:emerald_ore":1,"minecraft:grass_block":1,"minecraft:deepslate_gold_ore":2,"minecraft:lapis_ore":6,"minecraft:oak_planks":69,"minecraft:wall_torch":4,"minecraft:spawner":2,"minecraft:furnace":2,"minecraft:redstone_torch":2,"minecraft:birch_log":6,"minecraft:iron_ore":27,"minecraft:cobbled_deepslate":3,"minecraft:birch_leaves":2,"minecraft:grass":4,"minecraft:oak_log":7,"minecraft:coal_ore":45,"minecraft:deepslate_iron_ore":2,"minecraft:stripped_oak_log":3,"minecraft:cobweb":1,"minecraft:stone":19,"minecraft:deepslate":288,"minecraft:fern":1,"minecraft:oak_leaves":8}},"DataVersion":3465}