{"stats":{"minecraft:used":{"minecraft:water_bucket":3,"minecraft:stone_pickaxe":45,"minecraft:wooden_pickaxe":7,"minecraft:sandstone":10,"minecraft:cut_sandstone":2,"minecraft:iron_chestplate":1,"minecraft:sand":1,"minecraft:crafting_table":4,"minecraft:white_bed":1,"minecraft:chiseled_sandstone":1,"minecraft:iron_axe":2,"minecraft:melon_slice":7,"minecraft:iron_pickaxe":437,"minecraft:iron_helmet":1,"minecraft:iron_boots":1,"minecraft:stone_axe":51,"minecraft:furnace":2,"minecraft:andesite":20,"minecraft:bucket":5,"minecraft:cooked_beef":4,"minecraft:cobbled_deepslate":1,"minecraft:iron_leggings":1},"minecraft:custom":{"minecraft:interact_with_furnace":31,"minecraft:mob_kills":8,"minecraft:inspect_hopper":2,"minecraft:interact_with_crafting_table":17,"minecraft:time_since_death":42389,"minecraft:sleep_in_bed":4,"minecraft:climb_one_cm":2055,"minecraft:time_since_rest":2805,"minecraft:sprint_one_cm":114557,"minecraft:damage_taken":145,"minecraft:walk_one_cm":43434,"minecraft:drop":11,"minecraft:damage_dealt":1360,"minecraft:swim_one_cm":7598,"minecraft:fly_one_cm":166035,"minecraft:open_chest":19,"minecraft:crouch_one_cm":4023,"minecraft:play_time":42389,"minecraft:sneak_time":6060,"minecraft:walk_under_water_one_cm":2486,"minecraft:jump":765,"minecraft:walk_on_water_one_cm":583,"minecraft:total_world_time":42389,"minecraft:fall_one_cm":25015,"minecraft:horse_one_cm":155},"minecraft:mined":{"minecraft:deepslate_redstone_ore":4,"minecraft:tuff":19,"minecraft:cut_sandstone":2,"minecraft:stone_pressure_plate":1,"minecraft:white_bed":1,"minecraft:deepslate_diamond_ore":3,"minecraft:crafting_table":2,"minecraft:granite":1,"minecraft:emerald_ore":3,"minecraft:melon":14,"minecraft:jungle_log":8,"minecraft:deepslate_gold_ore":7,"minecraft:sandstone":10,"minecraft:furnace":1,"minecraft:iron_ore":58,"minecraft:chiseled_sandstone":1,"minecraft:fire":2,"minecraft:andesite":20,"minecraft:tnt":9,"minecraft:gold_block":1,"minecraft:grass":3,"minecraft:coal_ore":28,"minecraft:oak_log":19,"minecraft:sand":1,"minecraft:stone":102,"minecraft:oak_leaves":1,"minecraft:deepslate":216},"minecraft:dropped":{"minecraft:iron_ingot":2,"minecraft:wheat_seeds":1,"minecraft:tuff":7,"minecraft:cobblestone":5,"minecraft:rotten_flesh":1,"minecraft:granite":1,"minecraft:coal":20,"minecraft:stone_pressure_plate":1,"minecraft:stone_pickaxe":1,"minecraft:wooden_pickaxe":1},"minecraft:killed":{"minecraft:creeper":3,"minecraft:sheep":2,"minecraft:skeleton":1,"minecraft:zombie":2},"minecraft:picked_up":{"minecraft:crafting_table":2,"minecraft:cooked_beef":4,"minecraft:andesite":20,"minecraft:jungle_log":8,"minecraft:cut_sandstone":2,"minecraft:gold_block":1,"minecraft:tuff":7,"minecraft:oak_log":19,"minecraft:gunpowder":1,"minecraft:wheat_seeds":1,"minecraft:cobbled_deepslate":216,"minecraft:raw_gold":7,"minecraft:light_gray_wool":1,"minecraft:melon_slice":74,"minecraft:furnace":1,"minecraft:raw_iron":58,"minecraft:sandstone":10,"minecraft:sand":1,"minecraft:white_bed":1,"minecraft:redstone":18,"minecraft:stone_pressure_plate":1,"minecraft:chiseled_sandstone":1,"minecraft:tnt":9,"minecraft:rotten_flesh":1,"minecraft:diamond":3,"minecraft:granite":1,"minecraft:emerald":3,"minecraft:mutton":4,"minecraft:coal":48,"minecraft:white_wool":1,"minecraft:cobblestone":102},"minecraft:crafted":{"minecraft:cooked_beef":19,"minecraft:oak_planks":76,"minecraft:crafting_table":3,"minecraft:wooden_pickaxe":1,"minecraft:iron_helmet":1,"minecraft:iron_sword":1,"minecraft:furnace":1,"minecraft:bucket":2,"minecraft:stone_axe":1,"minecraft:air":0,"minecraft:jungle_planks":32,"minecraft:white_wool":3,"minecraft:iron_boots":1,"minecraft:iron_chestplate":1,"minecraft:shield":1,"minecraft:iron_axe":1,"minecraft:stick":32,"minecraft:iron_ingot":41,"minecraft:iron_pickaxe":2,"minecraft:stone_pickaxe":1,"minecraft:iron_leggings":1,"minecraft:white_bed":1},"minecraft:broken":{"minecraft:iron_pickaxe":1}},"DataVersion":3465}