{"stats":{"minecraft:used":{"minecraft:melon_slice":7,"minecraft:stone_pickaxe":45,"minecraft:iron_pickaxe":52,"minecraft:wooden_pickaxe":7,"minecraft:stone_axe":51,"minecraft:crafting_table":1,"minecraft:furnace":2,"minecraft:cooked_beef":2},"minecraft:custom":{"minecraft:time_since_rest":725,"minecraft:interact_with_furnace":16,"minecraft:sprint_one_cm":78442,"minecraft:damage_taken":65,"minecraft:walk_one_cm":22566,"minecraft:mob_kills":8,"minecraft:drop":7,"minecraft:inspect_hopper":2,"minecraft:damage_dealt":1360,"minecraft:interact_with_crafting_table":6,"minecraft:fly_one_cm":108672,"minecraft:open_chest":15,"minecraft:crouch_one_cm":1483,"minecraft:play_time":18389,"minecraft:sneak_time":587,"minecraft:jump":502,"minecraft:time_since_death":18389,"minecraft:sleep_in_bed":1,"minecraft:climb_one_cm":1919,"minecraft:total_world_time":18389,"minecraft:fall_one_cm":13529},"minecraft:mined":{"minecraft:furnace":1,"minecraft:iron_ore":46,"minecraft:fire":2,"minecraft:gold_block":1,"minecraft:grass":3,"minecraft:oak_log":19,"minecraft:coal_ore":21,"minecraft:melon":14,"minecraft:jungle_log":8,"minecraft:stone":33,"minecraft:oak_leaves":1},"minecraft:dropped":{"minecraft:iron_ingot":2,"minecraft:wheat_seeds":1,"minecraft:rotten_flesh":1,"minecraft:stone_pickaxe":1,"minecraft:wooden_pickaxe":1,"minecraft:coal":20},"minecraft:killed":{"minecraft:sheep":2,"minecraft:skeleton":1,"minecraft:zombie":2,"minecraft:creeper":3},"minecraft:picked_up":{"minecraft:raw_iron":46,"minecraft:cooked_beef":4,"minecraft:jungle_log":8,"minecraft:gold_block":1,"minecraft:oak_log":19,"minecraft:gunpowder":1,"minecraft:rotten_flesh":1,"minecraft:wheat_seeds":1,"minecraft:light_gray_wool":1,"minecraft:melon_slice":74,"minecraft:mutton":4,"minecraft:coal":41,"minecraft:white_wool":1,"minecraft:cobblestone":33,"minecraft:furnace":1},"minecraft:crafted":{"minecraft:cooked_beef":19,"minecraft:oak_planks":76,"minecraft:iron_axe":1,"minecraft:crafting_table":1,"minecraft:stick":32,"minecraft:wooden_pickaxe":1,"minecraft:iron_ingot":10,"minecraft:iron_pickaxe":1,"minecraft:stone_pickaxe":1,"minecraft:iron_sword":1,"minecraft:furnace":1,"minecraft:stone_axe":1,"minecraft:air":0,"minecraft:jungle_planks":32}},"DataVersion":3465}