{"stats":{"minecraft:custom":{"minecraft:interact_with_furnace":31,"minecraft:mob_kills":8,"minecraft:inspect_hopper":2,"minecraft:interact_with_crafting_table":18,"minecraft:leave_game":1,"minecraft:time_since_death":53138,"minecraft:sleep_in_bed":5,"minecraft:climb_one_cm":2055,"minecraft:time_since_rest":448,"minecraft:sprint_one_cm":115216,"minecraft:damage_taken":145,"minecraft:walk_one_cm":77641,"minecraft:drop":19,"minecraft:damage_dealt":1360,"minecraft:swim_one_cm":8302,"minecraft:fly_one_cm":166035,"minecraft:open_chest":19,"minecraft:crouch_one_cm":4023,"minecraft:play_time":53138,"minecraft:sneak_time":8478,"minecraft:walk_under_water_one_cm":2931,"minecraft:jump":768,"minecraft:walk_on_water_one_cm":713,"minecraft:total_world_time":53138,"minecraft:fall_one_cm":25015,"minecraft:horse_one_cm":155},"minecraft:used":{"minecraft:water_bucket":6,"minecraft:stone_pickaxe":45,"minecraft:wooden_pickaxe":7,"minecraft:sandstone":10,"minecraft:cut_sandstone":2,"minecraft:iron_chestplate":1,"minecraft:sand":1,"minecraft:crafting_table":5,"minecraft:white_bed":2,"minecraft:diamond_pickaxe":280,"minecraft:chiseled_sandstone":1,"minecraft:melon_slice":7,"minecraft:iron_pickaxe":511,"minecraft:iron_axe":3,"minecraft:iron_helmet":1,"minecraft:iron_boots":1,"minecraft:stone_axe":51,"minecraft:furnace":2,"minecraft:bucket":8,"minecraft:andesite":20,"minecraft:cooked_beef":4,"minecraft:cobbled_deepslate":20,"minecraft:iron_leggings":1},"minecraft:mined":{"minecraft:deepslate_redstone_ore":5,"minecraft:cut_sandstone":2,"minecraft:tuff":49,"minecraft:stone_pressure_plate":1,"minecraft:white_bed":2,"minecraft:deepslate_diamond_ore":11,"minecraft:crafting_table":3,"minecraft:granite":1,"minecraft:emerald_ore":3,"minecraft:melon":14,"minecraft:jungle_log":8,"minecraft:deepslate_gold_ore":25,"minecraft:sandstone":10,"minecraft:furnace":1,"minecraft:iron_ore":58,"minecraft:fire":2,"minecraft:chiseled_sandstone":1,"minecraft:andesite":20,"minecraft:tnt":9,"minecraft:gold_block":1,"minecraft:grass":3,"minecraft:oak_log":19,"minecraft:coal_ore":28,"minecraft:gravel":1,"minecraft:sand":1,"minecraft:stone":102,"minecraft:oak_leaves":1,"minecraft:deepslate":512},"minecraft:dropped":{"minecraft:iron_ingot":2,"minecraft:wheat_seeds":1,"minecraft:cobbled_deepslate":200,"minecraft:tuff":37,"minecraft:rotten_flesh":1,"minecraft:cobblestone":69,"minecraft:granite":1,"minecraft:coal":20,"minecraft:stone_pressure_plate":1,"minecraft:stone_pickaxe":1,"minecraft:wooden_pickaxe":1},"minecraft:killed":{"minecraft:creeper":3,"minecraft:sheep":2,"minecraft:skeleton":1,"minecraft:zombie":2},"minecraft:picked_up":{"minecraft:crafting_table":3,"minecraft:cooked_beef":4,"minecraft:andesite":20,"minecraft:jungle_log":8,"minecraft:cut_sandstone":2,"minecraft:gold_block":1,"minecraft:tuff":37,"minecraft:oak_log":19,"minecraft:gunpowder":1,"minecraft:wheat_seeds":1,"minecraft:cobbled_deepslate":480,"minecraft:raw_gold":25,"minecraft:light_gray_wool":1,"minecraft:melon_slice":74,"minecraft:furnace":1,"minecraft:raw_iron":58,"minecraft:sandstone":10,"minecraft:sand":1,"minecraft:white_bed":2,"minecraft:redstone":23,"minecraft:chiseled_sandstone":1,"minecraft:stone_pressure_plate":1,"minecraft:tnt":9,"minecraft:rotten_flesh":1,"minecraft:diamond":11,"minecraft:granite":1,"minecraft:emerald":3,"minecraft:mutton":4,"minecraft:coal":48,"minecraft:white_wool":1,"minecraft:cobblestone":102},"minecraft:crafted":{"minecraft:cooked_beef":19,"minecraft:oak_planks":76,"minecraft:crafting_table":3,"minecraft:wooden_pickaxe":1,"minecraft:iron_helmet":1,"minecraft:iron_sword":1,"minecraft:furnace":1,"minecraft:bucket":2,"minecraft:stone_axe":1,"minecraft:air":0,"minecraft:jungle_planks":32,"minecraft:white_wool":3,"minecraft:iron_boots":1,"minecraft:iron_chestplate":1,"minecraft:diamond_pickaxe":1,"minecraft:shield":1,"minecraft:iron_axe":1,"minecraft:stick":32,"minecraft:iron_ingot":41,"minecraft:iron_pickaxe":2,"minecraft:stone_pickaxe":1,"minecraft:iron_leggings":1,"minecraft:white_bed":1},"minecraft:broken":{"minecraft:iron_pickaxe":2}},"DataVersion":3465}