{"stats":{"minecraft:used":{"minecraft:water_bucket":1,"minecraft:stone_pickaxe":45,"minecraft:wooden_pickaxe":7,"minecraft:sandstone":10,"minecraft:cut_sandstone":2,"minecraft:iron_chestplate":1,"minecraft:sand":1,"minecraft:crafting_table":1,"minecraft:chiseled_sandstone":1,"minecraft:melon_slice":7,"minecraft:iron_pickaxe":81,"minecraft:iron_helmet":1,"minecraft:iron_boots":1,"minecraft:stone_axe":51,"minecraft:furnace":2,"minecraft:bucket":3,"minecraft:cooked_beef":4,"minecraft:iron_leggings":1},"minecraft:custom":{"minecraft:interact_with_furnace":31,"minecraft:mob_kills":8,"minecraft:inspect_hopper":2,"minecraft:interact_with_crafting_table":15,"minecraft:time_since_death":30389,"minecraft:sleep_in_bed":3,"minecraft:climb_one_cm":2055,"minecraft:time_since_rest":7809,"minecraft:sprint_one_cm":112731,"minecraft:damage_taken":145,"minecraft:walk_one_cm":29306,"minecraft:drop":7,"minecraft:damage_dealt":1360,"minecraft:swim_one_cm":3214,"minecraft:fly_one_cm":165281,"minecraft:open_chest":19,"minecraft:crouch_one_cm":1934,"minecraft:play_time":30389,"minecraft:sneak_time":759,"minecraft:walk_under_water_one_cm":129,"minecraft:jump":752,"minecraft:walk_on_water_one_cm":157,"minecraft:total_world_time":30389,"minecraft:fall_one_cm":24535,"minecraft:horse_one_cm":155},"minecraft:mined":{"minecraft:cut_sandstone":2,"minecraft:stone_pressure_plate":1,"minecraft:emerald_ore":3,"minecraft:melon":14,"minecraft:jungle_log":8,"minecraft:sandstone":10,"minecraft:furnace":1,"minecraft:iron_ore":46,"minecraft:chiseled_sandstone":1,"minecraft:fire":2,"minecraft:tnt":9,"minecraft:gold_block":1,"minecraft:grass":3,"minecraft:coal_ore":21,"minecraft:oak_log":19,"minecraft:sand":1,"minecraft:stone":35,"minecraft:oak_leaves":1},"minecraft:dropped":{"minecraft:iron_ingot":2,"minecraft:wheat_seeds":1,"minecraft:rotten_flesh":1,"minecraft:coal":20,"minecraft:stone_pickaxe":1,"minecraft:wooden_pickaxe":1},"minecraft:killed":{"minecraft:creeper":3,"minecraft:sheep":2,"minecraft:skeleton":1,"minecraft:zombie":2},"minecraft:picked_up":{"minecraft:cooked_beef":4,"minecraft:jungle_log":8,"minecraft:cut_sandstone":2,"minecraft:gold_block":1,"minecraft:oak_log":19,"minecraft:gunpowder":1,"minecraft:wheat_seeds":1,"minecraft:light_gray_wool":1,"minecraft:melon_slice":74,"minecraft:furnace":1,"minecraft:raw_iron":46,"minecraft:sandstone":10,"minecraft:sand":1,"minecraft:stone_pressure_plate":1,"minecraft:chiseled_sandstone":1,"minecraft:tnt":9,"minecraft:rotten_flesh":1,"minecraft:emerald":3,"minecraft:mutton":4,"minecraft:coal":41,"minecraft:white_wool":1,"minecraft:cobblestone":35},"minecraft:crafted":{"minecraft:cooked_beef":19,"minecraft:oak_planks":76,"minecraft:crafting_table":1,"minecraft:wooden_pickaxe":1,"minecraft:iron_helmet":1,"minecraft:iron_sword":1,"minecraft:furnace":1,"minecraft:bucket":2,"minecraft:stone_axe":1,"minecraft:air":0,"minecraft:jungle_planks":32,"minecraft:iron_boots":1,"minecraft:iron_chestplate":1,"minecraft:shield":1,"minecraft:iron_axe":1,"minecraft:stick":32,"minecraft:iron_ingot":41,"minecraft:iron_pickaxe":1,"minecraft:stone_pickaxe":1,"minecraft:iron_leggings":1}},"DataVersion":3465}