{"stats":{"minecraft:custom":{"minecraft:interact_with_furnace":31,"minecraft:mob_kills":18,"minecraft:inspect_hopper":2,"minecraft:interact_with_crafting_table":24,"minecraft:leave_game":1,"minecraft:time_since_death":107138,"minecraft:sleep_in_bed":6,"minecraft:climb_one_cm":3922,"minecraft:time_since_rest":38825,"minecraft:sprint_one_cm":182669,"minecraft:damage_taken":509,"minecraft:walk_one_cm":149224,"minecraft:damage_blocked_by_shield":180,"minecraft:drop":45,"minecraft:damage_dealt":3303,"minecraft:swim_one_cm":10341,"minecraft:fly_one_cm":224659,"minecraft:open_chest":28,"minecraft:crouch_one_cm":19000,"minecraft:play_time":107138,"minecraft:sneak_time":26974,"minecraft:walk_under_water_one_cm":5561,"minecraft:jump":1550,"minecraft:walk_on_water_one_cm":2803,"minecraft:total_world_time":107138,"minecraft:fall_one_cm":42700,"minecraft:horse_one_cm":155},"minecraft:used":{"minecraft:water_bucket":13,"minecraft:diamond_boots":1,"minecraft:stone_pickaxe":45,"minecraft:diamond_hoe":4,"minecraft:shield":4,"minecraft:wooden_pickaxe":7,"minecraft:iron_sword":32,"minecraft:sandstone":10,"minecraft:cut_sandstone":2,"minecraft:iron_chestplate":1,"minecraft:torch":4,"minecraft:sand":1,"minecraft:crafting_table":6,"minecraft:diamond_helmet":1,"minecraft:white_bed":3,"minecraft:diamond_pickaxe":1214,"minecraft:lava_bucket":1,"minecraft:chiseled_sandstone":1,"minecraft:melon_slice":7,"minecraft:iron_pickaxe":511,"minecraft:iron_axe":4,"minecraft:iron_helmet":1,"minecraft:iron_boots":1,"minecraft:diamond_chestplate":1,"minecraft:stone_axe":51,"minecraft:furnace":2,"minecraft:bucket":16,"minecraft:andesite":20,"minecraft:cooked_beef":10,"minecraft:cobbled_deepslate":105,"minecraft:diamond_leggings":1,"minecraft:iron_leggings":1},"minecraft:mined":{"minecraft:deepslate_redstone_ore":10,"minecraft:cut_sandstone":2,"minecraft:tuff":176,"minecraft:stone_pressure_plate":1,"minecraft:white_bed":3,"minecraft:deepslate_diamond_ore":28,"minecraft:obsidian":4,"minecraft:crafting_table":4,"minecraft:granite":1,"minecraft:emerald_ore":3,"minecraft:melon":14,"minecraft:jungle_log":8,"minecraft:deepslate_gold_ore":50,"minecraft:sculk":1,"minecraft:sandstone":10,"minecraft:raw_iron_block":1,"minecraft:furnace":1,"minecraft:cobbled_deepslate":17,"minecraft:iron_ore":58,"minecraft:fire":2,"minecraft:chiseled_sandstone":1,"minecraft:andesite":20,"minecraft:sculk_shrieker":4,"minecraft:tnt":9,"minecraft:deepslate_lapis_ore":5,"minecraft:gold_block":1,"minecraft:grass":3,"minecraft:oak_log":19,"minecraft:coal_ore":28,"minecraft:deepslate_iron_ore":34,"minecraft:gravel":1,"minecraft:sand":1,"minecraft:stone":114,"minecraft:oak_leaves":1,"minecraft:deepslate":1198},"minecraft:dropped":{"minecraft:iron_ingot":3,"minecraft:wheat_seeds":1,"minecraft:cobbled_deepslate":704,"minecraft:golden_pickaxe":1,"minecraft:tuff":56,"minecraft:iron_helmet":1,"minecraft:rotten_flesh":9,"minecraft:cobblestone":81,"minecraft:iron_boots":1,"minecraft:granite":1,"minecraft:coal":20,"minecraft:iron_chestplate":1,"minecraft:iron_leggings":1,"minecraft:stone_pressure_plate":1,"minecraft:stone_pickaxe":1,"minecraft:wooden_pickaxe":1},"minecraft:killed":{"minecraft:spider":1,"minecraft:creeper":6,"minecraft:sheep":2,"minecraft:skeleton":2,"minecraft:zombie":7},"minecraft:picked_up":{"minecraft:crafting_table":4,"minecraft:cooked_beef":4,"minecraft:andesite":20,"minecraft:jungle_log":8,"minecraft:cut_sandstone":2,"minecraft:gold_block":1,"minecraft:tuff":56,"minecraft:oak_log":19,"minecraft:gunpowder":3,"minecraft:lapis_lazuli":37,"minecraft:sculk_shrieker":4,"minecraft:wheat_seeds":1,"minecraft:cobbled_deepslate":931,"minecraft:raw_gold":50,"minecraft:light_gray_wool":1,"minecraft:melon_slice":74,"minecraft:furnace":1,"minecraft:raw_iron":92,"minecraft:sandstone":10,"minecraft:raw_iron_block":1,"minecraft:sand":1,"minecraft:white_bed":3,"minecraft:redstone":47,"minecraft:chiseled_sandstone":1,"minecraft:stone_pressure_plate":1,"minecraft:tnt":9,"minecraft:rotten_flesh":1,"minecraft:diamond":28,"minecraft:granite":1,"minecraft:emerald":3,"minecraft:obsidian":4,"minecraft:mutton":4,"minecraft:coal":48,"minecraft:white_wool":1,"minecraft:cobblestone":114},"minecraft:crafted":{"minecraft:cooked_beef":19,"minecraft:oak_planks":76,"minecraft:raw_iron":9,"minecraft:crafting_table":4,"minecraft:wooden_pickaxe":1,"minecraft:iron_helmet":1,"minecraft:iron_sword":1,"minecraft:furnace":1,"minecraft:bucket":2,"minecraft:stone_axe":1,"minecraft:air":0,"minecraft:jungle_planks":32,"minecraft:diamond_helmet":1,"minecraft:diamond_leggings":1,"minecraft:white_wool":3,"minecraft:iron_boots":1,"minecraft:iron_chestplate":1,"minecraft:diamond_pickaxe":1,"minecraft:shield":1,"minecraft:iron_axe":1,"minecraft:stick":32,"minecraft:iron_ingot":41,"minecraft:iron_pickaxe":2,"minecraft:stone_pickaxe":1,"minecraft:diamond_boots":1,"minecraft:iron_leggings":1,"minecraft:white_bed":1,"minecraft:torch":4,"minecraft:diamond_chestplate":1},"minecraft:broken":{"minecraft:iron_pickaxe":2}},"DataVersion":3465}