{"stats":{"minecraft:custom":{"minecraft:mob_kills":31,"minecraft:inspect_hopper":2,"minecraft:interact_with_crafting_table":37,"minecraft:leave_game":1,"minecraft:time_since_death":155138,"minecraft:climb_one_cm":5439,"minecraft:sprint_one_cm":335372,"minecraft:walk_one_cm":198771,"minecraft:damage_blocked_by_shield":210,"minecraft:drop":47,"minecraft:play_time":155138,"minecraft:sneak_time":41888,"minecraft:walk_under_water_one_cm":7402,"minecraft:jump":2814,"minecraft:walk_on_water_one_cm":9341,"minecraft:total_world_time":155138,"minecraft:interact_with_furnace":49,"minecraft:sleep_in_bed":7,"minecraft:time_since_rest":19910,"minecraft:damage_taken":766,"minecraft:damage_dealt":6005,"minecraft:swim_one_cm":15422,"minecraft:fly_one_cm":368531,"minecraft:open_chest":77,"minecraft:crouch_one_cm":44647,"minecraft:fall_one_cm":76902,"minecraft:horse_one_cm":462185},"minecraft:used":{"minecraft:oak_fence":1,"minecraft:enchanting_table":2,"minecraft:polished_deepslate":4,"minecraft:diamond_hoe":16,"minecraft:chest":1,"minecraft:shield":5,"minecraft:iron_sword":73,"minecraft:iron_chestplate":1,"minecraft:torch":21,"minecraft:diamond_helmet":1,"minecraft:lava_bucket":1,"minecraft:bookshelf":15,"minecraft:iron_axe":51,"minecraft:iron_helmet":1,"minecraft:iron_boots":1,"minecraft:diamond_chestplate":2,"minecraft:golden_sword":1,"minecraft:furnace":2,"minecraft:cooked_beef":19,"minecraft:cobbled_deepslate":124,"minecraft:iron_leggings":1,"minecraft:water_bucket":13,"minecraft:diamond_boots":1,"minecraft:stone_pickaxe":45,"minecraft:wooden_pickaxe":7,"minecraft:sandstone":10,"minecraft:cut_sandstone":2,"minecraft:deepslate_bricks":2,"minecraft:sand":1,"minecraft:crafting_table":7,"minecraft:sculk_shrieker":1,"minecraft:white_bed":5,"minecraft:deepslate_tiles":2,"minecraft:diamond_pickaxe":1362,"minecraft:chiseled_sandstone":1,"minecraft:melon_slice":7,"minecraft:iron_pickaxe":511,"minecraft:stone_axe":51,"minecraft:andesite":20,"minecraft:bucket":16,"minecraft:oak_boat":3,"minecraft:diamond_leggings":2},"minecraft:mined":{"minecraft:deepslate_tiles":2,"minecraft:tuff":180,"minecraft:stone_pressure_plate":1,"minecraft:white_bed":4,"minecraft:deepslate_diamond_ore":32,"minecraft:sculk_vein":1,"minecraft:obsidian":4,"minecraft:granite":1,"minecraft:jungle_log":8,"minecraft:deepslate_bricks":2,"minecraft:sandstone":10,"minecraft:raw_iron_block":1,"minecraft:furnace":1,"minecraft:fire":2,"minecraft:iron_ore":91,"minecraft:cobbled_deepslate":17,"minecraft:chiseled_sandstone":1,"minecraft:andesite":20,"minecraft:deepslate_lapis_ore":9,"minecraft:enchanting_table":1,"minecraft:gold_block":1,"minecraft:polished_deepslate":4,"minecraft:sculk_shrieker":16,"minecraft:deepslate_iron_ore":63,"minecraft:stone":136,"minecraft:deepslate_redstone_ore":10,"minecraft:cut_sandstone":2,"minecraft:crafting_table":4,"minecraft:torch":5,"minecraft:emerald_ore":4,"minecraft:melon":14,"minecraft:deepslate_gold_ore":62,"minecraft:lapis_ore":7,"minecraft:sculk":1,"minecraft:tnt":9,"minecraft:grass":3,"minecraft:coal_ore":28,"minecraft:oak_log":65,"minecraft:sand":1,"minecraft:gravel":1,"minecraft:gold_ore":1,"minecraft:oak_leaves":2,"minecraft:deepslate":1219},"minecraft:dropped":{"minecraft:iron_ingot":3,"minecraft:wheat_seeds":1,"minecraft:golden_pickaxe":1,"minecraft:iron_helmet":1,"minecraft:cobblestone":81,"minecraft:granite":1,"minecraft:coal":20,"minecraft:iron_leggings":1,"minecraft:gold_ingot":3,"minecraft:bone":64,"minecraft:cobbled_deepslate":704,"minecraft:tuff":56,"minecraft:rotten_flesh":9,"minecraft:iron_boots":1,"minecraft:iron_chestplate":1,"minecraft:stone_pressure_plate":1,"minecraft:stone_pickaxe":1,"minecraft:wooden_pickaxe":1},"minecraft:killed":{"minecraft:spider":3,"minecraft:skeleton":6,"minecraft:creeper":8,"minecraft:sheep":2,"minecraft:zombie":11,"minecraft:enderman":1},"minecraft:picked_up":{"minecraft:crafting_table":4,"minecraft:gold_block":1,"minecraft:polished_deepslate":4,"minecraft:sculk_shrieker":16,"minecraft:deepslate_tiles":2,"minecraft:cobbled_deepslate":943,"minecraft:oak_boat":3,"minecraft:light_gray_wool":1,"minecraft:melon_slice":74,"minecraft:furnace":1,"minecraft:stick":4,"minecraft:raw_iron":150,"minecraft:sandstone":10,"minecraft:torch":5,"minecraft:redstone":47,"minecraft:stone_pressure_plate":1,"minecraft:tnt":9,"minecraft:rotten_flesh":1,"minecraft:deepslate_bricks":2,"minecraft:mutton":4,"minecraft:obsidian":4,"minecraft:white_wool":1,"minecraft:cobblestone":136,"minecraft:enchanting_table":1,"minecraft:cooked_beef":4,"minecraft:jungle_log":8,"minecraft:andesite":20,"minecraft:cut_sandstone":2,"minecraft:tuff":56,"minecraft:oak_log":65,"minecraft:gunpowder":3,"minecraft:lapis_lazuli":62,"minecraft:bone":1,"minecraft:wheat_seeds":1,"minecraft:raw_gold":63,"minecraft:raw_iron_block":1,"minecraft:sand":1,"minecraft:white_bed":4,"minecraft:grass_block":1,"minecraft:chiseled_sandstone":1,"minecraft:diamond":32,"minecraft:granite":1,"minecraft:emerald":4,"minecraft:oak_sapling":6,"minecraft:coal":48,"minecraft:ender_pearl":1},"minecraft:crafted":{"minecraft:oak_planks":260,"minecraft:raw_iron":72,"minecraft:furnace":1,"minecraft:bookshelf":15,"minecraft:diamond_helmet":1,"minecraft:iron_boots":1,"minecraft:diamond_leggings":1,"minecraft:polished_deepslate":52,"minecraft:iron_axe":2,"minecraft:stone_pickaxe":1,"minecraft:chest":2,"minecraft:diamond_boots":1,"minecraft:oak_fence":3,"minecraft:raw_iron_block":7,"minecraft:cooked_beef":19,"minecraft:crafting_table":5,"minecraft:enchanting_table":1,"minecraft:wooden_pickaxe":1,"minecraft:iron_helmet":1,"minecraft:iron_sword":1,"minecraft:raw_gold_block":6,"minecraft:bucket":2,"minecraft:stone_axe":1,"minecraft:deepslate_tiles":4,"minecraft:air":0,"minecraft:jungle_planks":32,"minecraft:oak_boat":1,"minecraft:white_wool":3,"minecraft:iron_chestplate":1,"minecraft:diamond_pickaxe":2,"minecraft:shield":1,"minecraft:raw_gold":54,"minecraft:stick":36,"minecraft:iron_ingot":95,"minecraft:iron_pickaxe":2,"minecraft:gold_ingot":64,"minecraft:iron_leggings":1,"minecraft:white_bed":1,"minecraft:torch":44,"minecraft:deepslate_bricks":8,"minecraft:diamond_chestplate":1},"minecraft:broken":{"minecraft:iron_pickaxe":2}},"DataVersion":3465}