{"stats":{"minecraft:custom":{"minecraft:mob_kills":120,"minecraft:inspect_hopper":4,"minecraft:interact_with_crafting_table":56,"minecraft:leave_game":1,"minecraft:time_since_death":203138,"minecraft:climb_one_cm":10234,"minecraft:sprint_one_cm":522211,"minecraft:walk_one_cm":248826,"minecraft:damage_blocked_by_shield":270,"minecraft:drop":57,"minecraft:play_time":203138,"minecraft:sneak_time":44716,"minecraft:walk_under_water_one_cm":14813,"minecraft:boat_one_cm":116640,"minecraft:jump":4123,"minecraft:walk_on_water_one_cm":12388,"minecraft:total_world_time":203138,"minecraft:interact_with_furnace":76,"minecraft:sleep_in_bed":10,"minecraft:time_since_rest":24052,"minecraft:damage_taken":1060,"minecraft:damage_absorbed":41,"minecraft:damage_dealt":15537,"minecraft:swim_one_cm":40466,"minecraft:fly_one_cm":687343,"minecraft:open_chest":156,"minecraft:crouch_one_cm":54912,"minecraft:fall_one_cm":115742,"minecraft:horse_one_cm":473295},"minecraft:used":{"minecraft:oak_fence":1,"minecraft:enchanting_table":2,"minecraft:polished_deepslate":4,"minecraft:ladder":3,"minecraft:diamond_hoe":70,"minecraft:chest":3,"minecraft:shield":6,"minecraft:stone":15,"minecraft:iron_sword":101,"minecraft:iron_chestplate":1,"minecraft:torch":21,"minecraft:mutton":3,"minecraft:hopper":12,"minecraft:diamond_helmet":1,"minecraft:lava_bucket":1,"minecraft:bookshelf":15,"minecraft:iron_axe":264,"minecraft:iron_helmet":1,"minecraft:iron_boots":1,"minecraft:stone_bricks":34,"minecraft:diamond_chestplate":2,"minecraft:golden_sword":1,"minecraft:furnace":6,"minecraft:cooked_beef":23,"minecraft:cobbled_deepslate":124,"minecraft:iron_leggings":1,"minecraft:water_bucket":24,"minecraft:diamond_boots":1,"minecraft:powered_rail":8,"minecraft:stone_pickaxe":45,"minecraft:wooden_pickaxe":7,"minecraft:sandstone":10,"minecraft:cut_sandstone":2,"minecraft:jungle_boat":1,"minecraft:deepslate_bricks":2,"minecraft:golden_apple":1,"minecraft:rail":8,"minecraft:sand":1,"minecraft:crafting_table":8,"minecraft:sculk_shrieker":1,"minecraft:white_bed":7,"minecraft:redstone_torch":7,"minecraft:deepslate_tiles":2,"minecraft:lever":2,"minecraft:diamond_pickaxe":1400,"minecraft:apple":6,"minecraft:chiseled_sandstone":1,"minecraft:bread":4,"minecraft:melon_slice":7,"minecraft:iron_pickaxe":511,"minecraft:stone_axe":51,"minecraft:andesite":20,"minecraft:bucket":27,"minecraft:chest_minecart":2,"minecraft:oak_boat":3,"minecraft:diamond_leggings":2},"minecraft:mined":{"minecraft:deepslate_tiles":2,"minecraft:tuff":180,"minecraft:stone_pressure_plate":1,"minecraft:white_bed":6,"minecraft:deepslate_diamond_ore":32,"minecraft:sculk_vein":1,"minecraft:jungle_leaves":1,"minecraft:brewing_stand":1,"minecraft:obsidian":4,"minecraft:lever":1,"minecraft:ladder":3,"minecraft:granite":1,"minecraft:jungle_log":123,"minecraft:deepslate_bricks":2,"minecraft:hopper":5,"minecraft:sandstone":10,"minecraft:hay_block":45,"minecraft:raw_iron_block":1,"minecraft:furnace":5,"minecraft:fire":2,"minecraft:iron_ore":91,"minecraft:cobbled_deepslate":17,"minecraft:chiseled_sandstone":1,"minecraft:andesite":20,"minecraft:deepslate_lapis_ore":9,"minecraft:enchanting_table":1,"minecraft:gold_block":1,"minecraft:polished_deepslate":4,"minecraft:sculk_shrieker":17,"minecraft:vine":1,"minecraft:deepslate_iron_ore":67,"minecraft:stone":138,"minecraft:redstone_wall_torch":5,"minecraft:deepslate_redstone_ore":10,"minecraft:cut_sandstone":2,"minecraft:crafting_table":4,"minecraft:torch":5,"minecraft:blast_furnace":1,"minecraft:emerald_ore":4,"minecraft:melon":14,"minecraft:chest":5,"minecraft:cobblestone":1,"minecraft:deepslate_gold_ore":62,"minecraft:lapis_ore":7,"minecraft:sculk":1,"minecraft:tnt":9,"minecraft:bee_nest":3,"minecraft:grass":10,"minecraft:coal_ore":28,"minecraft:oak_log":65,"minecraft:sand":1,"minecraft:gravel":1,"minecraft:stone_bricks":20,"minecraft:gold_ore":1,"minecraft:oak_leaves":2,"minecraft:deepslate":1219},"minecraft:dropped":{"minecraft:iron_ingot":3,"minecraft:wheat_seeds":1,"minecraft:golden_pickaxe":1,"minecraft:iron_helmet":1,"minecraft:cobblestone":81,"minecraft:granite":1,"minecraft:coal":20,"minecraft:gray_wool":1,"minecraft:iron_leggings":1,"minecraft:gold_ingot":3,"minecraft:bone":64,"minecraft:cobbled_deepslate":704,"minecraft:tuff":56,"minecraft:rotten_flesh":12,"minecraft:light_gray_wool":1,"minecraft:oak_planks":186,"minecraft:iron_boots":1,"minecraft:white_bed":1,"minecraft:gunpowder":5,"minecraft:iron_chestplate":1,"minecraft:jungle_log":1,"minecraft:stone_pressure_plate":1,"minecraft:stone_pickaxe":1,"minecraft:wooden_pickaxe":1},"minecraft:killed":{"minecraft:spider":4,"minecraft:horse":1,"minecraft:skeleton":7,"minecraft:pig":41,"minecraft:creeper":14,"minecraft:sheep":27,"minecraft:zombie":14,"minecraft:cow":11,"minecraft:enderman":1},"minecraft:picked_up":{"minecraft:crafting_table":4,"minecraft:bee_nest":3,"minecraft:ladder":3,"minecraft:gold_block":1,"minecraft:brewing_stand":1,"minecraft:polished_deepslate":4,"minecraft:sculk_shrieker":17,"minecraft:deepslate_tiles":2,"minecraft:cobbled_deepslate":943,"minecraft:beef":21,"minecraft:redstone_torch":5,"minecraft:oak_boat":3,"minecraft:light_gray_wool":2,"minecraft:melon_slice":74,"minecraft:chest":5,"minecraft:furnace":5,"minecraft:stick":6,"minecraft:raw_iron":154,"minecraft:sandstone":10,"minecraft:torch":5,"minecraft:porkchop":79,"minecraft:redstone":47,"minecraft:stone_pressure_plate":1,"minecraft:tnt":9,"minecraft:rotten_flesh":4,"minecraft:deepslate_bricks":2,"minecraft:hay_block":44,"minecraft:mutton":45,"minecraft:obsidian":4,"minecraft:white_wool":22,"minecraft:cobblestone":752,"minecraft:enchanting_table":1,"minecraft:jungle_boat":1,"minecraft:cooked_beef":4,"minecraft:jungle_log":124,"minecraft:andesite":20,"minecraft:leather":9,"minecraft:cut_sandstone":2,"minecraft:tuff":56,"minecraft:oak_log":65,"minecraft:gunpowder":8,"minecraft:lapis_lazuli":62,"minecraft:bone":1,"minecraft:stone_bricks":20,"minecraft:wheat_seeds":1,"minecraft:raw_gold":63,"minecraft:oak_planks":122,"minecraft:gravel":13,"minecraft:raw_iron_block":1,"minecraft:sand":1,"minecraft:blast_furnace":1,"minecraft:white_bed":6,"minecraft:grass_block":1,"minecraft:chiseled_sandstone":1,"minecraft:diamond":32,"minecraft:lever":1,"minecraft:granite":1,"minecraft:gray_wool":1,"minecraft:emerald":4,"minecraft:oak_sapling":6,"minecraft:coal":95,"minecraft:hopper":5,"minecraft:ender_pearl":1},"minecraft:crafted":{"minecraft:oak_planks":264,"minecraft:raw_iron":72,"minecraft:furnace":9,"minecraft:lever":1,"minecraft:bookshelf":15,"minecraft:hopper":7,"minecraft:diamond_helmet":1,"minecraft:iron_boots":1,"minecraft:diamond_leggings":1,"minecraft:polished_deepslate":52,"minecraft:iron_axe":5,"minecraft:stone_pickaxe":1,"minecraft:chest":12,"minecraft:diamond_boots":1,"minecraft:rail":32,"minecraft:stone_bricks":40,"minecraft:oak_fence":3,"minecraft:minecart":2,"minecraft:raw_iron_block":7,"minecraft:cooked_beef":19,"minecraft:crafting_table":5,"minecraft:enchanting_table":1,"minecraft:jungle_boat":1,"minecraft:powered_rail":12,"minecraft:wooden_pickaxe":1,"minecraft:iron_helmet":1,"minecraft:chest_minecart":2,"minecraft:iron_sword":1,"minecraft:raw_gold_block":6,"minecraft:bucket":2,"minecraft:stone_axe":1,"minecraft:deepslate_tiles":4,"minecraft:air":0,"minecraft:jungle_planks":44,"minecraft:oak_boat":1,"minecraft:white_wool":3,"minecraft:iron_chestplate":1,"minecraft:diamond_pickaxe":2,"minecraft:shield":1,"minecraft:raw_gold":54,"minecraft:stick":36,"minecraft:iron_ingot":98,"minecraft:iron_pickaxe":2,"minecraft:gold_ingot":72,"minecraft:iron_leggings":1,"minecraft:white_bed":2,"minecraft:redstone_torch":5,"minecraft:torch":44,"minecraft:deepslate_bricks":8,"minecraft:diamond_chestplate":1},"minecraft:broken":{"minecraft:iron_axe":1,"minecraft:iron_pickaxe":2}},"DataVersion":3465}