{"stats":{"minecraft:custom":{"minecraft:mob_kills":33,"minecraft:inspect_hopper":4,"minecraft:interact_with_crafting_table":54,"minecraft:leave_game":1,"minecraft:time_since_death":179138,"minecraft:climb_one_cm":10198,"minecraft:sprint_one_cm":392930,"minecraft:walk_one_cm":231536,"minecraft:damage_blocked_by_shield":210,"minecraft:drop":54,"minecraft:play_time":179138,"minecraft:sneak_time":44154,"minecraft:walk_under_water_one_cm":7402,"minecraft:jump":3111,"minecraft:walk_on_water_one_cm":9440,"minecraft:total_world_time":179138,"minecraft:interact_with_furnace":74,"minecraft:sleep_in_bed":10,"minecraft:time_since_rest":52,"minecraft:damage_taken":806,"minecraft:damage_dealt":6396,"minecraft:swim_one_cm":15422,"minecraft:fly_one_cm":411149,"minecraft:open_chest":151,"minecraft:crouch_one_cm":53908,"minecraft:fall_one_cm":81827,"minecraft:horse_one_cm":473295},"minecraft:used":{"minecraft:oak_fence":1,"minecraft:enchanting_table":2,"minecraft:polished_deepslate":4,"minecraft:ladder":3,"minecraft:diamond_hoe":17,"minecraft:chest":3,"minecraft:shield":5,"minecraft:stone":15,"minecraft:iron_sword":79,"minecraft:iron_chestplate":1,"minecraft:torch":21,"minecraft:hopper":12,"minecraft:diamond_helmet":1,"minecraft:lava_bucket":1,"minecraft:bookshelf":15,"minecraft:iron_axe":176,"minecraft:iron_helmet":1,"minecraft:iron_boots":1,"minecraft:stone_bricks":34,"minecraft:diamond_chestplate":2,"minecraft:golden_sword":1,"minecraft:furnace":6,"minecraft:cooked_beef":22,"minecraft:cobbled_deepslate":124,"minecraft:iron_leggings":1,"minecraft:water_bucket":16,"minecraft:diamond_boots":1,"minecraft:powered_rail":8,"minecraft:stone_pickaxe":45,"minecraft:wooden_pickaxe":7,"minecraft:sandstone":10,"minecraft:cut_sandstone":2,"minecraft:deepslate_bricks":2,"minecraft:rail":8,"minecraft:sand":1,"minecraft:crafting_table":7,"minecraft:sculk_shrieker":1,"minecraft:white_bed":7,"minecraft:redstone_torch":7,"minecraft:deepslate_tiles":2,"minecraft:lever":2,"minecraft:diamond_pickaxe":1394,"minecraft:chiseled_sandstone":1,"minecraft:melon_slice":7,"minecraft:iron_pickaxe":511,"minecraft:stone_axe":51,"minecraft:andesite":20,"minecraft:bucket":19,"minecraft:chest_minecart":2,"minecraft:oak_boat":3,"minecraft:diamond_leggings":2},"minecraft:mined":{"minecraft:deepslate_tiles":2,"minecraft:tuff":180,"minecraft:stone_pressure_plate":1,"minecraft:white_bed":6,"minecraft:deepslate_diamond_ore":32,"minecraft:sculk_vein":1,"minecraft:jungle_leaves":1,"minecraft:obsidian":4,"minecraft:lever":1,"minecraft:ladder":3,"minecraft:granite":1,"minecraft:jungle_log":123,"minecraft:deepslate_bricks":2,"minecraft:hopper":5,"minecraft:sandstone":10,"minecraft:raw_iron_block":1,"minecraft:furnace":5,"minecraft:fire":2,"minecraft:iron_ore":91,"minecraft:cobbled_deepslate":17,"minecraft:chiseled_sandstone":1,"minecraft:andesite":20,"minecraft:deepslate_lapis_ore":9,"minecraft:enchanting_table":1,"minecraft:gold_block":1,"minecraft:polished_deepslate":4,"minecraft:sculk_shrieker":17,"minecraft:vine":1,"minecraft:deepslate_iron_ore":63,"minecraft:stone":138,"minecraft:redstone_wall_torch":5,"minecraft:deepslate_redstone_ore":10,"minecraft:cut_sandstone":2,"minecraft:crafting_table":4,"minecraft:torch":5,"minecraft:emerald_ore":4,"minecraft:melon":14,"minecraft:chest":5,"minecraft:cobblestone":1,"minecraft:deepslate_gold_ore":62,"minecraft:lapis_ore":7,"minecraft:sculk":1,"minecraft:tnt":9,"minecraft:grass":3,"minecraft:coal_ore":28,"minecraft:oak_log":65,"minecraft:sand":1,"minecraft:gravel":1,"minecraft:stone_bricks":20,"minecraft:gold_ore":1,"minecraft:oak_leaves":2,"minecraft:deepslate":1219},"minecraft:dropped":{"minecraft:iron_ingot":3,"minecraft:wheat_seeds":1,"minecraft:golden_pickaxe":1,"minecraft:iron_helmet":1,"minecraft:cobblestone":81,"minecraft:granite":1,"minecraft:coal":20,"minecraft:iron_leggings":1,"minecraft:gold_ingot":3,"minecraft:bone":64,"minecraft:cobbled_deepslate":704,"minecraft:tuff":56,"minecraft:rotten_flesh":12,"minecraft:oak_planks":186,"minecraft:iron_boots":1,"minecraft:white_bed":1,"minecraft:iron_chestplate":1,"minecraft:jungle_log":1,"minecraft:stone_pressure_plate":1,"minecraft:stone_pickaxe":1,"minecraft:wooden_pickaxe":1},"minecraft:killed":{"minecraft:spider":3,"minecraft:skeleton":6,"minecraft:creeper":8,"minecraft:sheep":2,"minecraft:zombie":13,"minecraft:enderman":1},"minecraft:picked_up":{"minecraft:crafting_table":4,"minecraft:ladder":3,"minecraft:gold_block":1,"minecraft:polished_deepslate":4,"minecraft:sculk_shrieker":17,"minecraft:deepslate_tiles":2,"minecraft:cobbled_deepslate":943,"minecraft:redstone_torch":5,"minecraft:oak_boat":3,"minecraft:light_gray_wool":1,"minecraft:melon_slice":74,"minecraft:chest":5,"minecraft:furnace":5,"minecraft:stick":6,"minecraft:raw_iron":150,"minecraft:sandstone":10,"minecraft:torch":5,"minecraft:redstone":47,"minecraft:stone_pressure_plate":1,"minecraft:tnt":9,"minecraft:rotten_flesh":4,"minecraft:deepslate_bricks":2,"minecraft:mutton":4,"minecraft:obsidian":4,"minecraft:white_wool":1,"minecraft:cobblestone":752,"minecraft:enchanting_table":1,"minecraft:cooked_beef":4,"minecraft:jungle_log":124,"minecraft:andesite":20,"minecraft:cut_sandstone":2,"minecraft:tuff":56,"minecraft:oak_log":65,"minecraft:gunpowder":3,"minecraft:lapis_lazuli":62,"minecraft:bone":1,"minecraft:stone_bricks":20,"minecraft:wheat_seeds":1,"minecraft:raw_gold":63,"minecraft:oak_planks":122,"minecraft:gravel":13,"minecraft:raw_iron_block":1,"minecraft:sand":1,"minecraft:white_bed":6,"minecraft:grass_block":1,"minecraft:chiseled_sandstone":1,"minecraft:diamond":32,"minecraft:lever":1,"minecraft:granite":1,"minecraft:emerald":4,"minecraft:oak_sapling":6,"minecraft:coal":95,"minecraft:hopper":5,"minecraft:ender_pearl":1},"minecraft:crafted":{"minecraft:oak_planks":264,"minecraft:raw_iron":72,"minecraft:furnace":9,"minecraft:lever":1,"minecraft:bookshelf":15,"minecraft:hopper":7,"minecraft:diamond_helmet":1,"minecraft:iron_boots":1,"minecraft:diamond_leggings":1,"minecraft:polished_deepslate":52,"minecraft:iron_axe":4,"minecraft:stone_pickaxe":1,"minecraft:chest":12,"minecraft:diamond_boots":1,"minecraft:rail":32,"minecraft:stone_bricks":40,"minecraft:oak_fence":3,"minecraft:minecart":2,"minecraft:raw_iron_block":7,"minecraft:cooked_beef":19,"minecraft:crafting_table":5,"minecraft:enchanting_table":1,"minecraft:powered_rail":12,"minecraft:wooden_pickaxe":1,"minecraft:iron_helmet":1,"minecraft:chest_minecart":2,"minecraft:iron_sword":1,"minecraft:raw_gold_block":6,"minecraft:bucket":2,"minecraft:stone_axe":1,"minecraft:deepslate_tiles":4,"minecraft:air":0,"minecraft:jungle_planks":32,"minecraft:oak_boat":1,"minecraft:white_wool":3,"minecraft:iron_chestplate":1,"minecraft:diamond_pickaxe":2,"minecraft:shield":1,"minecraft:raw_gold":54,"minecraft:stick":36,"minecraft:iron_ingot":98,"minecraft:iron_pickaxe":2,"minecraft:gold_ingot":72,"minecraft:iron_leggings":1,"minecraft:white_bed":2,"minecraft:redstone_torch":5,"minecraft:torch":44,"minecraft:deepslate_bricks":8,"minecraft:diamond_chestplate":1},"minecraft:broken":{"minecraft:iron_pickaxe":2}},"DataVersion":3465}