{"stats":{"minecraft:picked_up":{"minecraft:wooden_axe":1,"minecraft:cocoa_beans":9,"minecraft:crafting_table":11,"minecraft:iron_chestplate":4,"minecraft:chicken":31,"minecraft:golden_pickaxe":1,"minecraft:enchanted_book":5,"minecraft:shield":4,"minecraft:music_disc_cat":1,"minecraft:string":28,"minecraft:raw_copper":29,"minecraft:iron_axe":3,"minecraft:iron_leggings":7,"minecraft:iron_shovel":1,"minecraft:deepslate_tiles":2,"minecraft:candle":75,"minecraft:cobbled_deepslate":830,"minecraft:bucket":2,"minecraft:beef":45,"minecraft:music_disc_otherside":1,"minecraft:echo_shard":3,"minecraft:redstone_torch":2,"minecraft:jungle_sapling":2,"minecraft:iron_pickaxe":16,"minecraft:light_gray_wool":5,"minecraft:melon_slice":80,"minecraft:egg":1,"minecraft:furnace":18,"minecraft:iron_boots":4,"minecraft:stick":122,"minecraft:raw_iron":326,"minecraft:stone":87,"minecraft:oak_fence":2,"minecraft:torch":82,"minecraft:porkchop":37,"minecraft:diorite":1,"minecraft:redstone":407,"minecraft:tnt":19,"minecraft:arrow":14,"minecraft:rotten_flesh":28,"minecraft:peony":3,"minecraft:deepslate_bricks":2,"minecraft:cracked_deepslate_bricks":1,"minecraft:ward_armor_trim_smithing_template":1,"minecraft:obsidian":8,"minecraft:glow_berries":3,"minecraft:mutton":28,"minecraft:white_wool":11,"minecraft:cobblestone":3020,"minecraft:birch_log":13,"minecraft:dune_armor_trim_smithing_template":2,"minecraft:feather":28,"minecraft:cooked_beef":7,"minecraft:andesite":64,"minecraft:jungle_log":36,"minecraft:leather":33,"minecraft:flint":33,"minecraft:tuff":237,"minecraft:oak_log":53,"minecraft:gunpowder":6,"minecraft:lapis_lazuli":170,"minecraft:dirt":237,"minecraft:cooked_mutton":29,"minecraft:bone":20,"minecraft:bow":3,"minecraft:wheat_seeds":7,"minecraft:raw_gold":43,"minecraft:iron_ingot":124,"minecraft:cooked_chicken":2,"minecraft:iron_sword":8,"minecraft:oak_planks":111,"minecraft:sculk_catalyst":1,"minecraft:smooth_basalt":12,"minecraft:cooked_porkchop":28,"minecraft:lava_bucket":1,"minecraft:gravel":288,"minecraft:jungle_planks":41,"minecraft:amethyst_shard":16,"minecraft:soul_torch":7,"minecraft:white_bed":7,"minecraft:spider_eye":1,"minecraft:diamond":30,"minecraft:stone_axe":2,"minecraft:iron_helmet":4,"minecraft:granite":7,"minecraft:gray_wool":6,"minecraft:emerald":9,"minecraft:oak_sapling":1,"minecraft:black_wool":4,"minecraft:coal":675},"minecraft:used":{"minecraft:iron_shovel":447,"minecraft:chest":4,"minecraft:shield":1,"minecraft:stone":954,"minecraft:iron_sword":277,"minecraft:cooked_chicken":9,"minecraft:iron_chestplate":2,"minecraft:torch":43,"minecraft:dirt":20,"minecraft:jungle_planks":33,"minecraft:tuff":41,"minecraft:wooden_axe":42,"minecraft:lava_bucket":1,"minecraft:iron_axe":137,"minecraft:iron_helmet":1,"minecraft:furnace":11,"minecraft:cooked_beef":4,"minecraft:cobbled_deepslate":120,"minecraft:iron_leggings":2,"minecraft:cooked_mutton":15,"minecraft:water_bucket":36,"minecraft:diorite":1,"minecraft:birch_planks":27,"minecraft:oak_planks":29,"minecraft:stone_pickaxe":132,"minecraft:wooden_pickaxe":13,"minecraft:white_wool":1,"minecraft:glow_berries":1,"minecraft:tnt":1,"minecraft:crafting_table":10,"minecraft:white_bed":7,"minecraft:redstone_torch":2,"minecraft:oak_log":1,"minecraft:diamond_pickaxe":2335,"minecraft:melon_slice":24,"minecraft:iron_pickaxe":3441,"minecraft:stone_axe":63,"minecraft:cobblestone":78,"minecraft:cooked_porkchop":19,"minecraft:bucket":37,"minecraft:soul_torch":5},"minecraft:crafted":{"minecraft:oak_planks":152,"minecraft:cooked_chicken":10,"minecraft:furnace":9,"minecraft:stone":1011,"minecraft:cooked_mutton":19,"minecraft:iron_boots":2,"minecraft:iron_axe":2,"minecraft:stone_pickaxe":1,"minecraft:chest":4,"minecraft:cooked_beef":9,"minecraft:jungle_wood":3,"minecraft:cooked_porkchop":2,"minecraft:crafting_table":3,"minecraft:wooden_pickaxe":2,"minecraft:iron_helmet":2,"minecraft:iron_sword":3,"minecraft:bucket":2,"minecraft:birch_planks":28,"minecraft:stone_axe":1,"minecraft:air":0,"minecraft:jungle_planks":132,"minecraft:iron_chestplate":2,"minecraft:diamond_pickaxe":3,"minecraft:shield":2,"minecraft:stick":148,"minecraft:iron_ingot":159,"minecraft:iron_pickaxe":18,"minecraft:wooden_axe":1,"minecraft:iron_shovel":1,"minecraft:iron_leggings":1,"minecraft:white_bed":1,"minecraft:torch":4},"minecraft:killed_by":{"minecraft:warden":5,"minecraft:skeleton":1},"minecraft:broken":{"minecraft:iron_shovel":1,"minecraft:stone_pickaxe":1,"minecraft:diamond_pickaxe":1,"minecraft:iron_pickaxe":9},"minecraft:custom":{"minecraft:mob_kills":118,"minecraft:inspect_hopper":16,"minecraft:interact_with_crafting_table":81,"minecraft:leave_game":4,"minecraft:time_since_death":210832,"minecraft:climb_one_cm":21129,"minecraft:sprint_one_cm":891366,"minecraft:walk_one_cm":1422935,"minecraft:damage_blocked_by_shield":30,"minecraft:drop":62,"minecraft:play_time":471073,"minecraft:sneak_time":37827,"minecraft:deaths":12,"minecraft:walk_under_water_one_cm":23161,"minecraft:jump":7067,"minecraft:walk_on_water_one_cm":75441,"minecraft:total_world_time":471073,"minecraft:interact_with_furnace":234,"minecraft:sleep_in_bed":19,"minecraft:time_since_rest":88660,"minecraft:damage_taken":6794,"minecraft:damage_dealt":14904,"minecraft:swim_one_cm":27515,"minecraft:fly_one_cm":895007,"minecraft:open_chest":189,"minecraft:crouch_one_cm":175927,"minecraft:fall_one_cm":145144,"minecraft:horse_one_cm":1323},"minecraft:killed":{"minecraft:spider":10,"minecraft:skeleton":14,"minecraft:chicken":18,"minecraft:pig":14,"minecraft:bat":1,"minecraft:creeper":2,"minecraft:sheep":13,"minecraft:pillager":1,"minecraft:zombie":25,"minecraft:cow":19},"minecraft:mined":{"minecraft:tuff":227,"minecraft:white_bed":7,"minecraft:deepslate_diamond_ore":30,"minecraft:candle":7,"minecraft:sculk_vein":3,"minecraft:jungle_leaves":24,"minecraft:obsidian":9,"minecraft:granite":7,"minecraft:grass_block":35,"minecraft:jungle_log":36,"minecraft:spawner":2,"minecraft:redstone_ore":4,"minecraft:furnace":14,"minecraft:iron_ore":199,"minecraft:cobbled_deepslate":2,"minecraft:andesite":26,"minecraft:deepslate_lapis_ore":29,"minecraft:peony":3,"minecraft:deepslate_iron_ore":50,"minecraft:vine":13,"minecraft:stone":2846,"minecraft:white_wool":1,"minecraft:deepslate_redstone_ore":76,"minecraft:soul_torch":3,"minecraft:oak_fence":2,"minecraft:crafting_table":8,"minecraft:torch":21,"minecraft:emerald_ore":7,"minecraft:copper_ore":3,"minecraft:cobblestone":45,"minecraft:lapis_ore":2,"minecraft:deepslate_gold_ore":37,"minecraft:oak_planks":80,"minecraft:sculk":7,"minecraft:diorite":1,"minecraft:wall_torch":21,"minecraft:gray_wool":2,"minecraft:birch_log":13,"minecraft:redstone_torch":1,"minecraft:tnt":1,"minecraft:grass":29,"minecraft:oak_log":26,"minecraft:coal_ore":358,"minecraft:cocoa":3,"minecraft:gravel":381,"minecraft:dirt":90,"minecraft:cobweb":4,"minecraft:infested_stone":3,"minecraft:oak_leaves":26,"minecraft:deepslate":1916,"minecraft:fern":7},"minecraft:dropped":{"minecraft:iron_ingot":61,"minecraft:birch_planks":1,"minecraft:wheat_seeds":5,"minecraft:cooked_beef":11,"minecraft:oak_fence":2,"minecraft:cobblestone":7,"minecraft:coal":64,"minecraft:flint":2,"minecraft:stick":37,"minecraft:emerald":1,"minecraft:torch":8,"minecraft:wooden_axe":1,"minecraft:iron_pickaxe":5,"minecraft:birch_log":6,"minecraft:bucket":4,"minecraft:redstone":64,"minecraft:bone":3,"minecraft:gravel":20,"minecraft:furnace":3,"minecraft:stone_axe":2,"minecraft:cobbled_deepslate":63,"minecraft:tuff":31,"minecraft:raw_iron":37,"minecraft:rotten_flesh":1,"minecraft:cooked_mutton":3,"minecraft:ward_armor_trim_smithing_template":1,"minecraft:diamond_pickaxe":1,"minecraft:redstone_torch":3,"minecraft:wooden_pickaxe":1}},"DataVersion":3465}