{"stats":{"minecraft:custom":{"minecraft:interact_with_furnace":9,"minecraft:mob_kills":18,"minecraft:interact_with_crafting_table":11,"minecraft:time_since_death":25705,"minecraft:climb_one_cm":7413,"minecraft:time_since_rest":25737,"minecraft:sprint_one_cm":87464,"minecraft:damage_taken":685,"minecraft:walk_one_cm":100624,"minecraft:drop":2,"minecraft:damage_dealt":2025,"minecraft:swim_one_cm":4391,"minecraft:fly_one_cm":93997,"minecraft:crouch_one_cm":2457,"minecraft:play_time":38528,"minecraft:deaths":2,"minecraft:sneak_time":1323,"minecraft:walk_under_water_one_cm":500,"minecraft:jump":879,"minecraft:walk_on_water_one_cm":3705,"minecraft:total_world_time":38528,"minecraft:fall_one_cm":22730},"minecraft:crafted":{"minecraft:cooked_beef":9,"minecraft:jungle_wood":3,"minecraft:crafting_table":1,"minecraft:wooden_pickaxe":2,"minecraft:furnace":1,"minecraft:stone_axe":1,"minecraft:cooked_mutton":4,"minecraft:air":0,"minecraft:jungle_planks":48,"minecraft:stick":12,"minecraft:stone_pickaxe":1,"minecraft:wooden_axe":1,"minecraft:torch":4},"minecraft:mined":{"minecraft:jungle_leaves":23,"minecraft:crafting_table":6,"minecraft:torch":1,"minecraft:grass_block":14,"minecraft:jungle_log":36,"minecraft:copper_ore":1,"minecraft:diorite":1,"minecraft:wall_torch":2,"minecraft:furnace":1,"minecraft:iron_ore":19,"minecraft:grass":11,"minecraft:coal_ore":47,"minecraft:oak_log":9,"minecraft:vine":9,"minecraft:dirt":3,"minecraft:stone":30,"minecraft:white_wool":1,"minecraft:oak_leaves":6},"minecraft:killed":{"minecraft:pig":1,"minecraft:creeper":2,"minecraft:sheep":5,"minecraft:skeleton":2,"minecraft:chicken":2,"minecraft:cow":6},"minecraft:killed_by":{"minecraft:skeleton":1},"minecraft:used":{"minecraft:cooked_mutton":1,"minecraft:diorite":1,"minecraft:stone_pickaxe":89,"minecraft:wooden_pickaxe":13,"minecraft:white_wool":1,"minecraft:torch":3,"minecraft:crafting_table":6,"minecraft:jungle_planks":27,"minecraft:oak_log":1,"minecraft:wooden_axe":42,"minecraft:stone_axe":61,"minecraft:furnace":1,"minecraft:cooked_beef":2},"minecraft:dropped":{"minecraft:cooked_beef":11},"minecraft:picked_up":{"minecraft:wooden_axe":1,"minecraft:crafting_table":7,"minecraft:feather":2,"minecraft:cooked_beef":6,"minecraft:chicken":2,"minecraft:jungle_log":36,"minecraft:leather":8,"minecraft:oak_log":8,"minecraft:gunpowder":3,"minecraft:dirt":14,"minecraft:raw_copper":4,"minecraft:bone":3,"minecraft:wheat_seeds":1,"minecraft:beef":9,"minecraft:jungle_sapling":2,"minecraft:light_gray_wool":2,"minecraft:furnace":1,"minecraft:raw_iron":19,"minecraft:stick":2,"minecraft:torch":3,"minecraft:porkchop":2,"minecraft:jungle_planks":4,"minecraft:diorite":1,"minecraft:mutton":9,"minecraft:coal":47,"minecraft:white_wool":4,"minecraft:cobblestone":30}},"DataVersion":3465}