{"stats":{"minecraft:custom":{"minecraft:time_since_rest":13737,"minecraft:interact_with_furnace":6,"minecraft:sprint_one_cm":51163,"minecraft:damage_taken":605,"minecraft:walk_one_cm":70904,"minecraft:mob_kills":12,"minecraft:drop":1,"minecraft:damage_dealt":1505,"minecraft:interact_with_crafting_table":8,"minecraft:fly_one_cm":58008,"minecraft:crouch_one_cm":1068,"minecraft:play_time":26528,"minecraft:deaths":2,"minecraft:sneak_time":577,"minecraft:jump":511,"minecraft:walk_on_water_one_cm":723,"minecraft:time_since_death":13705,"minecraft:climb_one_cm":5593,"minecraft:total_world_time":26528,"minecraft:fall_one_cm":15793},"minecraft:crafted":{"minecraft:cooked_beef":9,"minecraft:jungle_wood":3,"minecraft:crafting_table":1,"minecraft:stick":12,"minecraft:wooden_pickaxe":2,"minecraft:stone_pickaxe":1,"minecraft:wooden_axe":1,"minecraft:furnace":1,"minecraft:torch":4,"minecraft:stone_axe":1,"minecraft:air":0,"minecraft:jungle_planks":48},"minecraft:mined":{"minecraft:jungle_leaves":23,"minecraft:crafting_table":4,"minecraft:grass":9,"minecraft:grass_block":11,"minecraft:oak_log":9,"minecraft:coal_ore":21,"minecraft:vine":7,"minecraft:jungle_log":29,"minecraft:dirt":2,"minecraft:stone":18,"minecraft:oak_leaves":3},"minecraft:killed":{"minecraft:skeleton":1,"minecraft:sheep":2,"minecraft:pig":1,"minecraft:creeper":2,"minecraft:cow":6},"minecraft:killed_by":{"minecraft:skeleton":1},"minecraft:used":{"minecraft:oak_log":1,"minecraft:wooden_axe":42,"minecraft:stone_pickaxe":26,"minecraft:wooden_pickaxe":13,"minecraft:torch":1,"minecraft:stone_axe":35,"minecraft:crafting_table":5,"minecraft:furnace":1,"minecraft:jungle_planks":2,"minecraft:cooked_beef":1},"minecraft:dropped":{"minecraft:cooked_beef":6},"minecraft:picked_up":{"minecraft:wooden_axe":1,"minecraft:stick":2,"minecraft:crafting_table":5,"minecraft:cooked_beef":6,"minecraft:jungle_log":29,"minecraft:leather":8,"minecraft:porkchop":2,"minecraft:jungle_planks":4,"minecraft:oak_log":8,"minecraft:gunpowder":3,"minecraft:dirt":10,"minecraft:bone":1,"minecraft:wheat_seeds":1,"minecraft:beef":9,"minecraft:jungle_sapling":2,"minecraft:mutton":4,"minecraft:coal":21,"minecraft:white_wool":2,"minecraft:cobblestone":17}},"DataVersion":3465}