{"stats":{"minecraft:picked_up":{"minecraft:wooden_axe":1,"minecraft:cocoa_beans":9,"minecraft:iron_chestplate":4,"minecraft:crafting_table":13,"minecraft:wheat":1,"minecraft:chicken":32,"minecraft:golden_pickaxe":1,"minecraft:lead":14,"minecraft:enchanted_book":5,"minecraft:shield":4,"minecraft:music_disc_cat":1,"minecraft:string":38,"minecraft:raw_copper":73,"minecraft:iron_axe":3,"minecraft:iron_leggings":7,"minecraft:iron_shovel":2,"minecraft:deepslate_tiles":2,"minecraft:candle":75,"minecraft:cobbled_deepslate":1610,"minecraft:bucket":3,"minecraft:beef":50,"minecraft:music_disc_otherside":1,"minecraft:echo_shard":3,"minecraft:redstone_torch":2,"minecraft:jungle_sapling":2,"minecraft:iron_pickaxe":25,"minecraft:light_gray_wool":5,"minecraft:melon_slice":80,"minecraft:chest":1,"minecraft:furnace":23,"minecraft:iron_boots":4,"minecraft:egg":2,"minecraft:stick":124,"minecraft:raw_iron":444,"minecraft:stone":144,"minecraft:oak_fence":2,"minecraft:torch":128,"minecraft:porkchop":40,"minecraft:diorite":1,"minecraft:redstone":737,"minecraft:tnt":19,"minecraft:arrow":38,"minecraft:rotten_flesh":49,"minecraft:tropical_fish":2,"minecraft:peony":3,"minecraft:deepslate_bricks":2,"minecraft:cracked_deepslate_bricks":1,"minecraft:ward_armor_trim_smithing_template":1,"minecraft:glow_berries":3,"minecraft:obsidian":8,"minecraft:mutton":30,"minecraft:skeleton_skull":1,"minecraft:white_wool":12,"minecraft:cobblestone":6965,"minecraft:birch_log":28,"minecraft:dune_armor_trim_smithing_template":2,"minecraft:feather":29,"minecraft:cooked_beef":15,"minecraft:glow_ink_sac":7,"minecraft:andesite":64,"minecraft:jungle_log":38,"minecraft:leather":35,"minecraft:flint":39,"minecraft:tuff":306,"minecraft:oak_log":69,"minecraft:gunpowder":8,"minecraft:lapis_lazuli":414,"minecraft:dirt":305,"minecraft:cooked_mutton":31,"minecraft:bone":44,"minecraft:bow":6,"minecraft:wheat_seeds":20,"minecraft:raw_gold":45,"minecraft:iron_ingot":144,"minecraft:cooked_chicken":2,"minecraft:flowering_azalea":3,"minecraft:iron_sword":8,"minecraft:oak_planks":119,"minecraft:sculk_catalyst":1,"minecraft:smooth_basalt":12,"minecraft:cooked_porkchop":30,"minecraft:gravel":346,"minecraft:lava_bucket":1,"minecraft:jungle_planks":43,"minecraft:amethyst_shard":16,"minecraft:soul_torch":7,"minecraft:white_bed":10,"minecraft:spider_eye":4,"minecraft:diamond":57,"minecraft:stone_axe":3,"minecraft:iron_helmet":4,"minecraft:granite":7,"minecraft:gray_wool":6,"minecraft:emerald":13,"minecraft:oak_sapling":1,"minecraft:black_wool":4,"minecraft:coal":1128},"minecraft:used":{"minecraft:iron_shovel":531,"minecraft:tropical_fish":2,"minecraft:chest":13,"minecraft:shield":1,"minecraft:stone":961,"minecraft:iron_sword":494,"minecraft:cooked_chicken":11,"minecraft:iron_chestplate":2,"minecraft:torch":95,"minecraft:dirt":31,"minecraft:anvil":1,"minecraft:jungle_planks":33,"minecraft:tuff":41,"minecraft:wooden_axe":42,"minecraft:lava_bucket":1,"minecraft:iron_axe":202,"minecraft:iron_helmet":1,"minecraft:furnace":16,"minecraft:cooked_beef":24,"minecraft:cobbled_deepslate":167,"minecraft:iron_leggings":3,"minecraft:cooked_mutton":22,"minecraft:wheat_seeds":10,"minecraft:water_bucket":42,"minecraft:diorite":1,"minecraft:birch_planks":27,"minecraft:lead":1,"minecraft:oak_planks":30,"minecraft:stone_pickaxe":132,"minecraft:wooden_pickaxe":13,"minecraft:white_wool":1,"minecraft:glow_berries":1,"minecraft:tnt":1,"minecraft:crafting_table":11,"minecraft:white_bed":10,"minecraft:redstone_torch":2,"minecraft:oak_log":1,"minecraft:diamond_pickaxe":5465,"minecraft:iron_pickaxe":5628,"minecraft:bread":1,"minecraft:melon_slice":24,"minecraft:stone_axe":63,"minecraft:cobblestone":204,"minecraft:cooked_porkchop":26,"minecraft:bucket":43,"minecraft:experience_bottle":9,"minecraft:soul_torch":5},"minecraft:crafted":{"minecraft:oak_planks":188,"minecraft:cooked_chicken":11,"minecraft:furnace":10,"minecraft:stone":1011,"minecraft:cooked_mutton":21,"minecraft:diamond_leggings":1,"minecraft:iron_boots":2,"minecraft:iron_axe":3,"minecraft:stone_pickaxe":1,"minecraft:chest":7,"minecraft:diamond_boots":1,"minecraft:cooked_beef":14,"minecraft:jungle_wood":3,"minecraft:cooked_porkchop":5,"minecraft:crafting_table":4,"minecraft:wooden_pickaxe":2,"minecraft:iron_helmet":3,"minecraft:iron_sword":5,"minecraft:bucket":2,"minecraft:birch_planks":116,"minecraft:stone_axe":1,"minecraft:air":0,"minecraft:jungle_planks":132,"minecraft:iron_chestplate":3,"minecraft:diamond_pickaxe":5,"minecraft:shield":3,"minecraft:stick":192,"minecraft:iron_ingot":159,"minecraft:iron_pickaxe":26,"minecraft:wooden_axe":1,"minecraft:iron_shovel":2,"minecraft:iron_leggings":1,"minecraft:white_bed":1,"minecraft:torch":4,"minecraft:diamond_chestplate":1},"minecraft:killed_by":{"minecraft:warden":5,"minecraft:skeleton":1,"minecraft:zombie":1},"minecraft:broken":{"minecraft:iron_shovel":1,"minecraft:stone_pickaxe":1,"minecraft:diamond_pickaxe":2,"minecraft:iron_sword":1,"minecraft:iron_pickaxe":13,"minecraft:iron_helmet":1},"minecraft:custom":{"minecraft:interact_with_anvil":8,"minecraft:mob_kills":186,"minecraft:inspect_hopper":16,"minecraft:interact_with_crafting_table":111,"minecraft:leave_game":14,"minecraft:time_since_death":27615,"minecraft:climb_one_cm":35208,"minecraft:sprint_one_cm":1461913,"minecraft:walk_one_cm":2415551,"minecraft:damage_blocked_by_shield":30,"minecraft:drop":99,"minecraft:play_time":820378,"minecraft:sneak_time":47162,"minecraft:deaths":13,"minecraft:walk_under_water_one_cm":30660,"minecraft:jump":11590,"minecraft:walk_on_water_one_cm":103492,"minecraft:enchant_item":4,"minecraft:total_world_time":820378,"minecraft:interact_with_furnace":274,"minecraft:sleep_in_bed":33,"minecraft:time_since_rest":42231,"minecraft:damage_taken":8911,"minecraft:damage_dealt":27188,"minecraft:swim_one_cm":29924,"minecraft:fly_one_cm":2036335,"minecraft:open_chest":419,"minecraft:crouch_one_cm":201212,"minecraft:fall_one_cm":239453,"minecraft:horse_one_cm":1323},"minecraft:killed":{"minecraft:spider":22,"minecraft:slime":1,"minecraft:skeleton":37,"minecraft:chicken":19,"minecraft:pig":15,"minecraft:bat":1,"minecraft:creeper":3,"minecraft:sheep":14,"minecraft:pillager":1,"minecraft:zombie":47,"minecraft:cow":21},"minecraft:mined":{"minecraft:tuff":233,"minecraft:white_bed":7,"minecraft:deepslate_diamond_ore":51,"minecraft:candle":7,"minecraft:sculk_vein":3,"minecraft:jungle_leaves":26,"minecraft:obsidian":9,"minecraft:granite":7,"minecraft:grass_block":72,"minecraft:jungle_log":36,"minecraft:moss_block":1,"minecraft:spawner":2,"minecraft:redstone_ore":13,"minecraft:furnace":18,"minecraft:iron_ore":283,"minecraft:cobbled_deepslate":4,"minecraft:andesite":29,"minecraft:deepslate_lapis_ore":60,"minecraft:peony":3,"minecraft:deepslate_iron_ore":79,"minecraft:vine":14,"minecraft:stone":6749,"minecraft:white_wool":1,"minecraft:deepslate_redstone_ore":136,"minecraft:flowering_azalea":3,"minecraft:soul_torch":3,"minecraft:oak_fence":2,"minecraft:crafting_table":9,"minecraft:torch":54,"minecraft:emerald_ore":11,"minecraft:copper_ore":10,"minecraft:cobblestone":57,"minecraft:deepslate_gold_ore":39,"minecraft:lapis_ore":4,"minecraft:oak_planks":80,"minecraft:sculk":7,"minecraft:diorite":1,"minecraft:wall_torch":26,"minecraft:skeleton_skull":1,"minecraft:gray_wool":2,"minecraft:birch_log":28,"minecraft:redstone_torch":1,"minecraft:wheat":10,"minecraft:birch_leaves":4,"minecraft:tnt":1,"minecraft:grass":32,"minecraft:coal_ore":669,"minecraft:oak_log":43,"minecraft:cocoa":3,"minecraft:gravel":434,"minecraft:dirt":109,"minecraft:cobweb":4,"minecraft:deepslate":2740,"minecraft:oak_leaves":51,"minecraft:fern":7,"minecraft:infested_stone":3},"minecraft:dropped":{"minecraft:iron_ingot":85,"minecraft:birch_planks":1,"minecraft:wheat_seeds":5,"minecraft:lapis_lazuli":4,"minecraft:cooked_beef":11,"minecraft:glow_ink_sac":3,"minecraft:oak_fence":2,"minecraft:cobblestone":71,"minecraft:lead":3,"minecraft:coal":64,"minecraft:flint":2,"minecraft:emerald":1,"minecraft:stick":37,"minecraft:torch":8,"minecraft:wooden_axe":1,"minecraft:iron_axe":1,"minecraft:iron_pickaxe":12,"minecraft:iron_shovel":1,"minecraft:birch_log":6,"minecraft:bucket":4,"minecraft:redstone":64,"minecraft:bone":3,"minecraft:gravel":20,"minecraft:furnace":3,"minecraft:stone_axe":2,"minecraft:cobbled_deepslate":84,"minecraft:tuff":31,"minecraft:raw_iron":37,"minecraft:rotten_flesh":1,"minecraft:cooked_mutton":3,"minecraft:ward_armor_trim_smithing_template":1,"minecraft:shield":1,"minecraft:diamond_pickaxe":1,"minecraft:redstone_torch":3,"minecraft:spider_eye":1,"minecraft:arrow":3,"minecraft:wooden_pickaxe":1}},"DataVersion":3465}