{"stats":{"minecraft:killed_by":{"minecraft:warden":5,"minecraft:skeleton":1},"minecraft:used":{"minecraft:iron_shovel":251,"minecraft:chest":4,"minecraft:shield":1,"minecraft:stone":954,"minecraft:iron_sword":169,"minecraft:cooked_chicken":2,"minecraft:iron_chestplate":2,"minecraft:torch":36,"minecraft:dirt":20,"minecraft:jungle_planks":33,"minecraft:tuff":41,"minecraft:wooden_axe":42,"minecraft:lava_bucket":1,"minecraft:iron_axe":38,"minecraft:iron_helmet":1,"minecraft:furnace":11,"minecraft:cooked_beef":4,"minecraft:cobbled_deepslate":1,"minecraft:iron_leggings":2,"minecraft:cooked_mutton":11,"minecraft:diorite":1,"minecraft:birch_planks":27,"minecraft:stone_pickaxe":132,"minecraft:wooden_pickaxe":13,"minecraft:white_wool":1,"minecraft:glow_berries":1,"minecraft:tnt":1,"minecraft:crafting_table":10,"minecraft:white_bed":3,"minecraft:oak_log":1,"minecraft:diamond_pickaxe":468,"minecraft:melon_slice":24,"minecraft:iron_pickaxe":3336,"minecraft:stone_axe":63,"minecraft:cobblestone":69,"minecraft:cooked_porkchop":9,"minecraft:soul_torch":4},"minecraft:custom":{"minecraft:mob_kills":72,"minecraft:inspect_hopper":14,"minecraft:interact_with_crafting_table":75,"minecraft:leave_game":2,"minecraft:time_since_death":54365,"minecraft:climb_one_cm":15594,"minecraft:sprint_one_cm":545738,"minecraft:walk_one_cm":850820,"minecraft:damage_blocked_by_shield":30,"minecraft:drop":37,"minecraft:play_time":314606,"minecraft:deaths":12,"minecraft:sneak_time":32565,"minecraft:walk_under_water_one_cm":10552,"minecraft:jump":4395,"minecraft:walk_on_water_one_cm":29842,"minecraft:total_world_time":314606,"minecraft:interact_with_furnace":198,"minecraft:sleep_in_bed":16,"minecraft:time_since_rest":12052,"minecraft:damage_taken":5599,"minecraft:damage_dealt":9360,"minecraft:swim_one_cm":21194,"minecraft:fly_one_cm":672986,"minecraft:open_chest":117,"minecraft:crouch_one_cm":161969,"minecraft:fall_one_cm":110859,"minecraft:horse_one_cm":1323},"minecraft:mined":{"minecraft:tuff":147,"minecraft:white_bed":4,"minecraft:deepslate_diamond_ore":6,"minecraft:candle":7,"minecraft:sculk_vein":3,"minecraft:jungle_leaves":24,"minecraft:granite":1,"minecraft:grass_block":23,"minecraft:jungle_log":36,"minecraft:spawner":1,"minecraft:redstone_ore":3,"minecraft:furnace":14,"minecraft:iron_ore":166,"minecraft:andesite":11,"minecraft:deepslate_lapis_ore":10,"minecraft:deepslate_iron_ore":35,"minecraft:vine":10,"minecraft:stone":2579,"minecraft:white_wool":1,"minecraft:deepslate_redstone_ore":44,"minecraft:soul_torch":3,"minecraft:crafting_table":8,"minecraft:torch":15,"minecraft:emerald_ore":6,"minecraft:copper_ore":1,"minecraft:cobblestone":44,"minecraft:lapis_ore":2,"minecraft:deepslate_gold_ore":14,"minecraft:sculk":4,"minecraft:diorite":1,"minecraft:wall_torch":15,"minecraft:gray_wool":2,"minecraft:birch_log":13,"minecraft:tnt":1,"minecraft:grass":28,"minecraft:oak_log":24,"minecraft:coal_ore":251,"minecraft:gravel":203,"minecraft:dirt":76,"minecraft:cobweb":4,"minecraft:oak_leaves":22,"minecraft:deepslate":591,"minecraft:fern":7},"minecraft:dropped":{"minecraft:iron_ingot":37,"minecraft:birch_planks":1,"minecraft:wheat_seeds":5,"minecraft:cooked_beef":11,"minecraft:flint":2,"minecraft:stick":1,"minecraft:torch":7,"minecraft:wooden_axe":1,"minecraft:iron_pickaxe":4,"minecraft:birch_log":6,"minecraft:redstone":64,"minecraft:gravel":20,"minecraft:furnace":3,"minecraft:stone_axe":2,"minecraft:tuff":31,"minecraft:raw_iron":37,"minecraft:rotten_flesh":1,"minecraft:cooked_mutton":3,"minecraft:diamond_pickaxe":1,"minecraft:wooden_pickaxe":1},"minecraft:killed":{"minecraft:spider":4,"minecraft:skeleton":10,"minecraft:chicken":8,"minecraft:pig":11,"minecraft:creeper":2,"minecraft:sheep":10,"minecraft:pillager":1,"minecraft:zombie":10,"minecraft:cow":15},"minecraft:picked_up":{"minecraft:wooden_axe":1,"minecraft:crafting_table":11,"minecraft:iron_chestplate":4,"minecraft:chicken":21,"minecraft:golden_pickaxe":1,"minecraft:enchanted_book":5,"minecraft:shield":4,"minecraft:music_disc_cat":1,"minecraft:string":23,"minecraft:raw_copper":29,"minecraft:iron_axe":3,"minecraft:iron_leggings":7,"minecraft:iron_shovel":1,"minecraft:deepslate_tiles":2,"minecraft:candle":75,"minecraft:cobbled_deepslate":454,"minecraft:music_disc_otherside":1,"minecraft:echo_shard":3,"minecraft:beef":38,"minecraft:jungle_sapling":2,"minecraft:iron_pickaxe":16,"minecraft:light_gray_wool":4,"minecraft:melon_slice":80,"minecraft:iron_boots":4,"minecraft:furnace":18,"minecraft:stick":122,"minecraft:raw_iron":277,"minecraft:stone":87,"minecraft:torch":66,"minecraft:porkchop":32,"minecraft:diorite":1,"minecraft:redstone":292,"minecraft:tnt":19,"minecraft:rotten_flesh":12,"minecraft:arrow":10,"minecraft:deepslate_bricks":2,"minecraft:cracked_deepslate_bricks":1,"minecraft:glow_berries":3,"minecraft:mutton":24,"minecraft:white_wool":9,"minecraft:cobblestone":2854,"minecraft:birch_log":13,"minecraft:dune_armor_trim_smithing_template":2,"minecraft:feather":18,"minecraft:cooked_beef":7,"minecraft:jungle_log":36,"minecraft:andesite":64,"minecraft:leather":30,"minecraft:flint":25,"minecraft:tuff":158,"minecraft:oak_log":53,"minecraft:gunpowder":6,"minecraft:lapis_lazuli":79,"minecraft:dirt":216,"minecraft:cooked_mutton":29,"minecraft:bone":18,"minecraft:bow":3,"minecraft:wheat_seeds":6,"minecraft:raw_gold":20,"minecraft:iron_ingot":124,"minecraft:cooked_chicken":2,"minecraft:oak_planks":32,"minecraft:iron_sword":8,"minecraft:sculk_catalyst":1,"minecraft:cooked_porkchop":28,"minecraft:lava_bucket":1,"minecraft:gravel":177,"minecraft:jungle_planks":41,"minecraft:amethyst_shard":16,"minecraft:soul_torch":6,"minecraft:white_bed":4,"minecraft:spider_eye":1,"minecraft:diamond":6,"minecraft:stone_axe":2,"minecraft:iron_helmet":4,"minecraft:granite":7,"minecraft:gray_wool":6,"minecraft:emerald":8,"minecraft:oak_sapling":1,"minecraft:black_wool":4,"minecraft:coal":568},"minecraft:crafted":{"minecraft:oak_planks":152,"minecraft:cooked_chicken":2,"minecraft:furnace":9,"minecraft:stone":1011,"minecraft:cooked_mutton":19,"minecraft:iron_boots":2,"minecraft:iron_axe":2,"minecraft:stone_pickaxe":1,"minecraft:chest":4,"minecraft:cooked_beef":9,"minecraft:jungle_wood":3,"minecraft:cooked_porkchop":2,"minecraft:crafting_table":3,"minecraft:wooden_pickaxe":2,"minecraft:iron_helmet":2,"minecraft:iron_sword":3,"minecraft:birch_planks":28,"minecraft:stone_axe":1,"minecraft:air":0,"minecraft:jungle_planks":132,"minecraft:iron_chestplate":2,"minecraft:diamond_pickaxe":2,"minecraft:shield":2,"minecraft:stick":112,"minecraft:iron_ingot":159,"minecraft:iron_pickaxe":18,"minecraft:wooden_axe":1,"minecraft:iron_shovel":1,"minecraft:iron_leggings":1,"minecraft:white_bed":1,"minecraft:torch":4},"minecraft:broken":{"minecraft:iron_shovel":1,"minecraft:stone_pickaxe":1,"minecraft:iron_pickaxe":9}},"DataVersion":3465}