{"stats":{"minecraft:killed_by":{"minecraft:skeleton":1},"minecraft:custom":{"minecraft:interact_with_furnace":188,"minecraft:mob_kills":62,"minecraft:inspect_hopper":13,"minecraft:interact_with_crafting_table":59,"minecraft:leave_game":2,"minecraft:time_since_death":145685,"minecraft:sleep_in_bed":14,"minecraft:climb_one_cm":11204,"minecraft:time_since_rest":14825,"minecraft:sprint_one_cm":411880,"minecraft:damage_taken":2231,"minecraft:walk_one_cm":624861,"minecraft:damage_blocked_by_shield":30,"minecraft:drop":18,"minecraft:damage_dealt":7520,"minecraft:swim_one_cm":6838,"minecraft:fly_one_cm":557061,"minecraft:open_chest":83,"minecraft:crouch_one_cm":21564,"minecraft:play_time":206606,"minecraft:sneak_time":7272,"minecraft:deaths":3,"minecraft:walk_under_water_one_cm":1681,"minecraft:jump":3331,"minecraft:walk_on_water_one_cm":5947,"minecraft:total_world_time":206606,"minecraft:fall_one_cm":74222},"minecraft:used":{"minecraft:cooked_mutton":11,"minecraft:diorite":1,"minecraft:iron_shovel":251,"minecraft:stone_pickaxe":132,"minecraft:shield":1,"minecraft:chest":4,"minecraft:wooden_pickaxe":13,"minecraft:stone":954,"minecraft:iron_sword":134,"minecraft:cooked_chicken":2,"minecraft:white_wool":1,"minecraft:iron_chestplate":1,"minecraft:torch":33,"minecraft:crafting_table":9,"minecraft:jungle_planks":33,"minecraft:white_bed":3,"minecraft:oak_log":1,"minecraft:wooden_axe":42,"minecraft:melon_slice":24,"minecraft:iron_axe":18,"minecraft:iron_pickaxe":2841,"minecraft:stone_axe":63,"minecraft:cobblestone":63,"minecraft:furnace":11,"minecraft:cooked_porkchop":2,"minecraft:cooked_beef":4},"minecraft:mined":{"minecraft:white_bed":3,"minecraft:jungle_leaves":24,"minecraft:crafting_table":8,"minecraft:torch":15,"minecraft:emerald_ore":5,"minecraft:grass_block":23,"minecraft:jungle_log":36,"minecraft:copper_ore":1,"minecraft:cobblestone":43,"minecraft:diorite":1,"minecraft:wall_torch":13,"minecraft:furnace":14,"minecraft:birch_log":6,"minecraft:iron_ore":147,"minecraft:grass":28,"minecraft:coal_ore":251,"minecraft:oak_log":14,"minecraft:vine":10,"minecraft:gravel":174,"minecraft:dirt":74,"minecraft:stone":2516,"minecraft:white_wool":1,"minecraft:oak_leaves":18,"minecraft:fern":7},"minecraft:dropped":{"minecraft:iron_ingot":37,"minecraft:furnace":3,"minecraft:stone_axe":2,"minecraft:wheat_seeds":5,"minecraft:cooked_beef":11,"minecraft:raw_iron":30,"minecraft:rotten_flesh":1,"minecraft:wooden_axe":1,"minecraft:wooden_pickaxe":1,"minecraft:birch_log":6},"minecraft:killed":{"minecraft:pig":10,"minecraft:spider":3,"minecraft:creeper":2,"minecraft:sheep":10,"minecraft:skeleton":7,"minecraft:pillager":1,"minecraft:zombie":5,"minecraft:chicken":8,"minecraft:cow":15},"minecraft:picked_up":{"minecraft:wooden_axe":1,"minecraft:iron_chestplate":1,"minecraft:crafting_table":10,"minecraft:feather":16,"minecraft:cooked_beef":7,"minecraft:chicken":14,"minecraft:jungle_log":36,"minecraft:leather":30,"minecraft:flint":19,"minecraft:oak_log":20,"minecraft:shield":1,"minecraft:gunpowder":6,"minecraft:string":6,"minecraft:dirt":108,"minecraft:raw_copper":8,"minecraft:iron_axe":1,"minecraft:iron_leggings":1,"minecraft:cooked_mutton":7,"minecraft:bone":15,"minecraft:bow":3,"minecraft:wheat_seeds":6,"minecraft:iron_ingot":50,"minecraft:beef":38,"minecraft:cooked_chicken":2,"minecraft:jungle_sapling":2,"minecraft:iron_pickaxe":2,"minecraft:light_gray_wool":4,"minecraft:iron_sword":1,"minecraft:iron_boots":1,"minecraft:furnace":18,"minecraft:stick":64,"minecraft:raw_iron":188,"minecraft:stone":87,"minecraft:torch":34,"minecraft:gravel":157,"minecraft:porkchop":29,"minecraft:jungle_planks":41,"minecraft:diorite":1,"minecraft:white_bed":3,"minecraft:spider_eye":1,"minecraft:arrow":8,"minecraft:rotten_flesh":8,"minecraft:stone_axe":1,"minecraft:iron_helmet":1,"minecraft:emerald":7,"minecraft:oak_sapling":1,"minecraft:black_wool":2,"minecraft:mutton":18,"minecraft:coal":353,"minecraft:white_wool":7,"minecraft:cobblestone":2728,"minecraft:birch_log":6},"minecraft:crafted":{"minecraft:cooked_beef":9,"minecraft:oak_planks":20,"minecraft:jungle_wood":3,"minecraft:cooked_porkchop":2,"minecraft:crafting_table":1,"minecraft:cooked_chicken":2,"minecraft:wooden_pickaxe":2,"minecraft:iron_helmet":1,"minecraft:iron_sword":2,"minecraft:furnace":9,"minecraft:stone":1011,"minecraft:stone_axe":1,"minecraft:cooked_mutton":19,"minecraft:air":0,"minecraft:jungle_planks":132,"minecraft:iron_boots":1,"minecraft:iron_chestplate":1,"minecraft:shield":1,"minecraft:iron_axe":1,"minecraft:stick":88,"minecraft:iron_ingot":129,"minecraft:iron_pickaxe":14,"minecraft:stone_pickaxe":1,"minecraft:wooden_axe":1,"minecraft:chest":4,"minecraft:iron_shovel":1,"minecraft:iron_leggings":1,"minecraft:white_bed":1,"minecraft:torch":4},"minecraft:broken":{"minecraft:stone_pickaxe":1,"minecraft:iron_shovel":1,"minecraft:iron_pickaxe":8}},"DataVersion":3465}