{"stats":{"minecraft:picked_up":{"minecraft:wooden_axe":1,"minecraft:crafting_table":11,"minecraft:iron_chestplate":4,"minecraft:chicken":21,"minecraft:golden_pickaxe":1,"minecraft:enchanted_book":5,"minecraft:shield":4,"minecraft:music_disc_cat":1,"minecraft:string":23,"minecraft:raw_copper":29,"minecraft:iron_axe":3,"minecraft:iron_leggings":7,"minecraft:iron_shovel":1,"minecraft:deepslate_tiles":2,"minecraft:candle":75,"minecraft:cobbled_deepslate":548,"minecraft:beef":38,"minecraft:music_disc_otherside":1,"minecraft:echo_shard":3,"minecraft:jungle_sapling":2,"minecraft:iron_pickaxe":16,"minecraft:light_gray_wool":4,"minecraft:melon_slice":80,"minecraft:furnace":18,"minecraft:iron_boots":4,"minecraft:stick":122,"minecraft:raw_iron":288,"minecraft:stone":87,"minecraft:torch":67,"minecraft:porkchop":32,"minecraft:diorite":1,"minecraft:redstone":347,"minecraft:tnt":19,"minecraft:arrow":12,"minecraft:rotten_flesh":14,"minecraft:deepslate_bricks":2,"minecraft:cracked_deepslate_bricks":1,"minecraft:glow_berries":3,"minecraft:mutton":24,"minecraft:white_wool":9,"minecraft:cobblestone":2925,"minecraft:birch_log":13,"minecraft:dune_armor_trim_smithing_template":2,"minecraft:feather":18,"minecraft:cooked_beef":7,"minecraft:andesite":64,"minecraft:jungle_log":36,"minecraft:leather":30,"minecraft:flint":25,"minecraft:tuff":173,"minecraft:oak_log":53,"minecraft:gunpowder":6,"minecraft:lapis_lazuli":162,"minecraft:dirt":216,"minecraft:cooked_mutton":29,"minecraft:bone":18,"minecraft:bow":3,"minecraft:wheat_seeds":6,"minecraft:raw_gold":25,"minecraft:iron_ingot":124,"minecraft:cooked_chicken":2,"minecraft:iron_sword":8,"minecraft:oak_planks":32,"minecraft:sculk_catalyst":1,"minecraft:cooked_porkchop":28,"minecraft:lava_bucket":1,"minecraft:gravel":177,"minecraft:jungle_planks":41,"minecraft:amethyst_shard":16,"minecraft:soul_torch":6,"minecraft:white_bed":4,"minecraft:spider_eye":1,"minecraft:diamond":13,"minecraft:stone_axe":2,"minecraft:iron_helmet":4,"minecraft:granite":7,"minecraft:gray_wool":6,"minecraft:emerald":8,"minecraft:oak_sapling":1,"minecraft:black_wool":4,"minecraft:coal":568},"minecraft:used":{"minecraft:iron_shovel":251,"minecraft:chest":4,"minecraft:shield":1,"minecraft:stone":954,"minecraft:iron_sword":185,"minecraft:cooked_chicken":2,"minecraft:iron_chestplate":2,"minecraft:torch":37,"minecraft:dirt":20,"minecraft:jungle_planks":33,"minecraft:tuff":41,"minecraft:wooden_axe":42,"minecraft:lava_bucket":1,"minecraft:iron_axe":38,"minecraft:iron_helmet":1,"minecraft:furnace":11,"minecraft:cooked_beef":4,"minecraft:cobbled_deepslate":107,"minecraft:iron_leggings":2,"minecraft:cooked_mutton":11,"minecraft:diorite":1,"minecraft:birch_planks":27,"minecraft:oak_planks":27,"minecraft:stone_pickaxe":132,"minecraft:wooden_pickaxe":13,"minecraft:white_wool":1,"minecraft:glow_berries":1,"minecraft:tnt":1,"minecraft:crafting_table":10,"minecraft:white_bed":3,"minecraft:oak_log":1,"minecraft:diamond_pickaxe":1276,"minecraft:melon_slice":24,"minecraft:iron_pickaxe":3336,"minecraft:stone_axe":63,"minecraft:cobblestone":69,"minecraft:cooked_porkchop":11,"minecraft:soul_torch":4},"minecraft:crafted":{"minecraft:oak_planks":152,"minecraft:cooked_chicken":2,"minecraft:furnace":9,"minecraft:stone":1011,"minecraft:cooked_mutton":19,"minecraft:iron_boots":2,"minecraft:iron_axe":2,"minecraft:stone_pickaxe":1,"minecraft:chest":4,"minecraft:cooked_beef":9,"minecraft:jungle_wood":3,"minecraft:cooked_porkchop":2,"minecraft:crafting_table":3,"minecraft:wooden_pickaxe":2,"minecraft:iron_helmet":2,"minecraft:iron_sword":3,"minecraft:birch_planks":28,"minecraft:stone_axe":1,"minecraft:air":0,"minecraft:jungle_planks":132,"minecraft:iron_chestplate":2,"minecraft:diamond_pickaxe":2,"minecraft:shield":2,"minecraft:stick":112,"minecraft:iron_ingot":159,"minecraft:iron_pickaxe":18,"minecraft:wooden_axe":1,"minecraft:iron_shovel":1,"minecraft:iron_leggings":1,"minecraft:white_bed":1,"minecraft:torch":4},"minecraft:killed_by":{"minecraft:warden":5,"minecraft:skeleton":1},"minecraft:broken":{"minecraft:iron_shovel":1,"minecraft:stone_pickaxe":1,"minecraft:iron_pickaxe":9},"minecraft:custom":{"minecraft:mob_kills":76,"minecraft:inspect_hopper":14,"minecraft:interact_with_crafting_table":76,"minecraft:leave_game":3,"minecraft:time_since_death":96961,"minecraft:climb_one_cm":15594,"minecraft:sprint_one_cm":649835,"minecraft:walk_one_cm":954693,"minecraft:damage_blocked_by_shield":30,"minecraft:drop":44,"minecraft:play_time":357202,"minecraft:sneak_time":33536,"minecraft:deaths":12,"minecraft:walk_under_water_one_cm":11992,"minecraft:jump":5155,"minecraft:walk_on_water_one_cm":42357,"minecraft:total_world_time":357202,"minecraft:interact_with_furnace":198,"minecraft:sleep_in_bed":16,"minecraft:time_since_rest":54648,"minecraft:damage_taken":5719,"minecraft:damage_dealt":10218,"minecraft:swim_one_cm":21597,"minecraft:fly_one_cm":706668,"minecraft:open_chest":117,"minecraft:crouch_one_cm":164190,"minecraft:fall_one_cm":111695,"minecraft:horse_one_cm":1323},"minecraft:killed":{"minecraft:spider":4,"minecraft:skeleton":11,"minecraft:chicken":8,"minecraft:pig":11,"minecraft:creeper":2,"minecraft:sheep":10,"minecraft:pillager":1,"minecraft:zombie":13,"minecraft:cow":15},"minecraft:mined":{"minecraft:tuff":162,"minecraft:white_bed":4,"minecraft:deepslate_diamond_ore":13,"minecraft:candle":7,"minecraft:sculk_vein":3,"minecraft:jungle_leaves":24,"minecraft:granite":6,"minecraft:grass_block":23,"minecraft:jungle_log":36,"minecraft:spawner":1,"minecraft:redstone_ore":3,"minecraft:furnace":14,"minecraft:cobbled_deepslate":2,"minecraft:iron_ore":173,"minecraft:andesite":26,"minecraft:deepslate_lapis_ore":25,"minecraft:deepslate_iron_ore":39,"minecraft:vine":10,"minecraft:stone":2751,"minecraft:white_wool":1,"minecraft:deepslate_redstone_ore":56,"minecraft:soul_torch":3,"minecraft:crafting_table":8,"minecraft:torch":16,"minecraft:emerald_ore":6,"minecraft:copper_ore":3,"minecraft:cobblestone":44,"minecraft:lapis_ore":2,"minecraft:deepslate_gold_ore":19,"minecraft:sculk":7,"minecraft:diorite":1,"minecraft:wall_torch":15,"minecraft:gray_wool":2,"minecraft:birch_log":13,"minecraft:tnt":1,"minecraft:grass":28,"minecraft:oak_log":24,"minecraft:coal_ore":252,"minecraft:gravel":207,"minecraft:dirt":78,"minecraft:cobweb":4,"minecraft:oak_leaves":22,"minecraft:deepslate":1134,"minecraft:fern":7},"minecraft:dropped":{"minecraft:iron_ingot":37,"minecraft:birch_planks":1,"minecraft:wheat_seeds":5,"minecraft:cooked_beef":11,"minecraft:cobblestone":7,"minecraft:emerald":1,"minecraft:stick":1,"minecraft:flint":2,"minecraft:torch":7,"minecraft:wooden_axe":1,"minecraft:iron_pickaxe":4,"minecraft:birch_log":6,"minecraft:bucket":1,"minecraft:redstone":64,"minecraft:bone":3,"minecraft:gravel":20,"minecraft:furnace":3,"minecraft:stone_axe":2,"minecraft:cobbled_deepslate":40,"minecraft:tuff":31,"minecraft:raw_iron":37,"minecraft:rotten_flesh":1,"minecraft:cooked_mutton":3,"minecraft:diamond_pickaxe":1,"minecraft:wooden_pickaxe":1}},"DataVersion":3465}