{"stats":{"minecraft:custom":{"minecraft:interact_with_furnace":162,"minecraft:mob_kills":54,"minecraft:inspect_hopper":11,"minecraft:interact_with_crafting_table":46,"minecraft:time_since_death":79607,"minecraft:sleep_in_bed":8,"minecraft:climb_one_cm":9564,"minecraft:time_since_rest":1289,"minecraft:sprint_one_cm":277673,"minecraft:damage_taken":1892,"minecraft:walk_one_cm":419713,"minecraft:drop":17,"minecraft:damage_dealt":6187,"minecraft:swim_one_cm":6838,"minecraft:fly_one_cm":358588,"minecraft:open_chest":50,"minecraft:crouch_one_cm":10977,"minecraft:play_time":140528,"minecraft:deaths":3,"minecraft:sneak_time":4383,"minecraft:walk_under_water_one_cm":1681,"minecraft:jump":2382,"minecraft:walk_on_water_one_cm":5947,"minecraft:total_world_time":140528,"minecraft:fall_one_cm":59689},"minecraft:broken":{"minecraft:stone_pickaxe":1,"minecraft:iron_pickaxe":4},"minecraft:crafted":{"minecraft:cooked_beef":9,"minecraft:jungle_wood":3,"minecraft:cooked_porkchop":2,"minecraft:crafting_table":1,"minecraft:iron_helmet":1,"minecraft:wooden_pickaxe":2,"minecraft:cooked_chicken":2,"minecraft:iron_sword":1,"minecraft:furnace":9,"minecraft:stone":1011,"minecraft:stone_axe":1,"minecraft:cooked_mutton":9,"minecraft:air":0,"minecraft:jungle_planks":132,"minecraft:iron_boots":1,"minecraft:iron_chestplate":1,"minecraft:shield":1,"minecraft:iron_axe":1,"minecraft:stick":80,"minecraft:iron_ingot":60,"minecraft:iron_pickaxe":6,"minecraft:stone_pickaxe":1,"minecraft:wooden_axe":1,"minecraft:chest":4,"minecraft:iron_shovel":1,"minecraft:iron_leggings":1,"minecraft:white_bed":1,"minecraft:torch":4},"minecraft:mined":{"minecraft:white_bed":3,"minecraft:jungle_leaves":23,"minecraft:crafting_table":8,"minecraft:torch":13,"minecraft:emerald_ore":5,"minecraft:grass_block":20,"minecraft:jungle_log":36,"minecraft:copper_ore":1,"minecraft:cobblestone":43,"minecraft:diorite":1,"minecraft:wall_torch":9,"minecraft:furnace":14,"minecraft:iron_ore":135,"minecraft:grass":28,"minecraft:coal_ore":223,"minecraft:oak_log":9,"minecraft:vine":9,"minecraft:gravel":174,"minecraft:dirt":16,"minecraft:stone":1199,"minecraft:white_wool":1,"minecraft:oak_leaves":15,"minecraft:fern":7},"minecraft:killed":{"minecraft:pig":10,"minecraft:spider":1,"minecraft:creeper":2,"minecraft:sheep":8,"minecraft:skeleton":5,"minecraft:zombie":4,"minecraft:chicken":8,"minecraft:cow":15},"minecraft:killed_by":{"minecraft:skeleton":1},"minecraft:used":{"minecraft:cooked_mutton":8,"minecraft:diorite":1,"minecraft:iron_shovel":194,"minecraft:stone_pickaxe":132,"minecraft:chest":4,"minecraft:wooden_pickaxe":13,"minecraft:stone":712,"minecraft:iron_sword":105,"minecraft:cooked_chicken":2,"minecraft:iron_chestplate":1,"minecraft:white_wool":1,"minecraft:torch":23,"minecraft:crafting_table":9,"minecraft:jungle_planks":33,"minecraft:white_bed":3,"minecraft:oak_log":1,"minecraft:wooden_axe":42,"minecraft:iron_axe":6,"minecraft:iron_pickaxe":1482,"minecraft:stone_axe":63,"minecraft:cobblestone":63,"minecraft:furnace":11,"minecraft:cooked_porkchop":2,"minecraft:cooked_beef":4},"minecraft:dropped":{"minecraft:iron_ingot":37,"minecraft:furnace":3,"minecraft:stone_axe":2,"minecraft:wheat_seeds":5,"minecraft:cooked_beef":11,"minecraft:raw_iron":30,"minecraft:rotten_flesh":1,"minecraft:wooden_axe":1,"minecraft:wooden_pickaxe":1},"minecraft:picked_up":{"minecraft:wooden_axe":1,"minecraft:iron_chestplate":1,"minecraft:crafting_table":10,"minecraft:feather":16,"minecraft:cooked_beef":7,"minecraft:chicken":14,"minecraft:jungle_log":36,"minecraft:leather":30,"minecraft:flint":19,"minecraft:oak_log":15,"minecraft:shield":1,"minecraft:gunpowder":6,"minecraft:string":2,"minecraft:dirt":47,"minecraft:cooked_mutton":7,"minecraft:raw_copper":8,"minecraft:iron_axe":1,"minecraft:iron_leggings":1,"minecraft:bone":10,"minecraft:bow":2,"minecraft:wheat_seeds":6,"minecraft:iron_ingot":50,"minecraft:beef":38,"minecraft:cooked_chicken":2,"minecraft:jungle_sapling":2,"minecraft:iron_pickaxe":2,"minecraft:light_gray_wool":4,"minecraft:iron_sword":1,"minecraft:iron_boots":1,"minecraft:furnace":18,"minecraft:raw_iron":180,"minecraft:stick":64,"minecraft:stone":87,"minecraft:torch":27,"minecraft:gravel":157,"minecraft:porkchop":29,"minecraft:jungle_planks":41,"minecraft:diorite":1,"minecraft:white_bed":3,"minecraft:arrow":6,"minecraft:rotten_flesh":6,"minecraft:stone_axe":1,"minecraft:iron_helmet":1,"minecraft:emerald":7,"minecraft:oak_sapling":1,"minecraft:black_wool":1,"minecraft:mutton":15,"minecraft:coal":326,"minecraft:white_wool":6,"minecraft:cobblestone":1412}},"DataVersion":3465}