{"stats":{"minecraft:killed_by":{"minecraft:warden":5,"minecraft:skeleton":1},"minecraft:used":{"minecraft:iron_shovel":251,"minecraft:chest":4,"minecraft:shield":1,"minecraft:stone":954,"minecraft:iron_sword":134,"minecraft:cooked_chicken":2,"minecraft:iron_chestplate":2,"minecraft:torch":33,"minecraft:dirt":20,"minecraft:jungle_planks":33,"minecraft:tuff":2,"minecraft:wooden_axe":42,"minecraft:iron_axe":18,"minecraft:furnace":11,"minecraft:cooked_beef":4,"minecraft:iron_leggings":1,"minecraft:cooked_mutton":11,"minecraft:diorite":1,"minecraft:stone_pickaxe":132,"minecraft:wooden_pickaxe":13,"minecraft:white_wool":1,"minecraft:glow_berries":1,"minecraft:crafting_table":9,"minecraft:white_bed":3,"minecraft:oak_log":1,"minecraft:melon_slice":24,"minecraft:iron_pickaxe":2936,"minecraft:stone_axe":63,"minecraft:cobblestone":63,"minecraft:cooked_porkchop":2,"minecraft:soul_torch":2},"minecraft:custom":{"minecraft:mob_kills":62,"minecraft:inspect_hopper":14,"minecraft:interact_with_crafting_table":59,"minecraft:leave_game":2,"minecraft:time_since_death":21962,"minecraft:climb_one_cm":15562,"minecraft:sprint_one_cm":468430,"minecraft:walk_one_cm":706858,"minecraft:damage_blocked_by_shield":30,"minecraft:drop":27,"minecraft:play_time":254606,"minecraft:deaths":9,"minecraft:sneak_time":28631,"minecraft:walk_under_water_one_cm":6227,"minecraft:jump":3778,"minecraft:walk_on_water_one_cm":20957,"minecraft:total_world_time":254606,"minecraft:interact_with_furnace":188,"minecraft:sleep_in_bed":14,"minecraft:time_since_rest":21989,"minecraft:damage_taken":4016,"minecraft:damage_dealt":7520,"minecraft:swim_one_cm":7089,"minecraft:fly_one_cm":611912,"minecraft:open_chest":91,"minecraft:crouch_one_cm":148030,"minecraft:fall_one_cm":84450},"minecraft:mined":{"minecraft:tuff":2,"minecraft:white_bed":3,"minecraft:candle":7,"minecraft:sculk_vein":1,"minecraft:jungle_leaves":24,"minecraft:granite":1,"minecraft:grass_block":23,"minecraft:jungle_log":36,"minecraft:redstone_ore":3,"minecraft:furnace":14,"minecraft:iron_ore":149,"minecraft:andesite":11,"minecraft:deepslate_iron_ore":10,"minecraft:vine":10,"minecraft:stone":2572,"minecraft:white_wool":1,"minecraft:soul_torch":2,"minecraft:crafting_table":8,"minecraft:torch":15,"minecraft:emerald_ore":5,"minecraft:copper_ore":1,"minecraft:cobblestone":44,"minecraft:deepslate_gold_ore":3,"minecraft:sculk":1,"minecraft:diorite":1,"minecraft:wall_torch":13,"minecraft:gray_wool":2,"minecraft:birch_log":6,"minecraft:grass":28,"minecraft:oak_log":14,"minecraft:coal_ore":251,"minecraft:gravel":174,"minecraft:dirt":76,"minecraft:oak_leaves":18,"minecraft:deepslate":2,"minecraft:fern":7},"minecraft:dropped":{"minecraft:iron_ingot":37,"minecraft:wheat_seeds":5,"minecraft:cooked_beef":11,"minecraft:stick":1,"minecraft:torch":7,"minecraft:wooden_axe":1,"minecraft:iron_pickaxe":2,"minecraft:birch_log":6,"minecraft:furnace":3,"minecraft:stone_axe":2,"minecraft:raw_iron":37,"minecraft:rotten_flesh":1,"minecraft:cooked_mutton":3,"minecraft:wooden_pickaxe":1},"minecraft:killed":{"minecraft:spider":3,"minecraft:skeleton":7,"minecraft:chicken":8,"minecraft:pig":10,"minecraft:creeper":2,"minecraft:sheep":10,"minecraft:pillager":1,"minecraft:zombie":5,"minecraft:cow":15},"minecraft:picked_up":{"minecraft:wooden_axe":1,"minecraft:crafting_table":11,"minecraft:iron_chestplate":4,"minecraft:chicken":21,"minecraft:golden_pickaxe":1,"minecraft:enchanted_book":4,"minecraft:shield":3,"minecraft:string":14,"minecraft:raw_copper":29,"minecraft:iron_axe":3,"minecraft:iron_leggings":6,"minecraft:iron_shovel":1,"minecraft:deepslate_tiles":2,"minecraft:candle":72,"minecraft:cobbled_deepslate":79,"minecraft:beef":38,"minecraft:jungle_sapling":2,"minecraft:iron_pickaxe":15,"minecraft:light_gray_wool":4,"minecraft:melon_slice":80,"minecraft:iron_boots":4,"minecraft:furnace":18,"minecraft:stick":122,"minecraft:raw_iron":235,"minecraft:stone":87,"minecraft:torch":62,"minecraft:porkchop":29,"minecraft:diorite":1,"minecraft:redstone":36,"minecraft:rotten_flesh":8,"minecraft:arrow":8,"minecraft:deepslate_bricks":2,"minecraft:cracked_deepslate_bricks":1,"minecraft:mutton":24,"minecraft:white_wool":9,"minecraft:cobblestone":2848,"minecraft:birch_log":6,"minecraft:feather":18,"minecraft:cooked_beef":7,"minecraft:jungle_log":36,"minecraft:andesite":64,"minecraft:leather":30,"minecraft:flint":23,"minecraft:tuff":13,"minecraft:oak_log":20,"minecraft:gunpowder":6,"minecraft:dirt":216,"minecraft:cooked_mutton":29,"minecraft:bone":15,"minecraft:bow":3,"minecraft:wheat_seeds":6,"minecraft:raw_gold":9,"minecraft:iron_ingot":124,"minecraft:cooked_chicken":2,"minecraft:oak_planks":32,"minecraft:iron_sword":8,"minecraft:cooked_porkchop":19,"minecraft:gravel":157,"minecraft:jungle_planks":41,"minecraft:soul_torch":2,"minecraft:white_bed":3,"minecraft:spider_eye":1,"minecraft:stone_axe":2,"minecraft:iron_helmet":4,"minecraft:granite":7,"minecraft:gray_wool":6,"minecraft:emerald":7,"minecraft:oak_sapling":1,"minecraft:black_wool":4,"minecraft:coal":557},"minecraft:crafted":{"minecraft:oak_planks":20,"minecraft:cooked_chicken":2,"minecraft:furnace":9,"minecraft:stone":1011,"minecraft:cooked_mutton":19,"minecraft:iron_boots":1,"minecraft:iron_axe":1,"minecraft:stone_pickaxe":1,"minecraft:chest":4,"minecraft:cooked_beef":9,"minecraft:jungle_wood":3,"minecraft:cooked_porkchop":2,"minecraft:crafting_table":1,"minecraft:wooden_pickaxe":2,"minecraft:iron_helmet":1,"minecraft:iron_sword":2,"minecraft:stone_axe":1,"minecraft:air":0,"minecraft:jungle_planks":132,"minecraft:iron_chestplate":1,"minecraft:shield":1,"minecraft:stick":88,"minecraft:iron_ingot":129,"minecraft:iron_pickaxe":14,"minecraft:wooden_axe":1,"minecraft:iron_shovel":1,"minecraft:iron_leggings":1,"minecraft:white_bed":1,"minecraft:torch":4},"minecraft:broken":{"minecraft:iron_shovel":1,"minecraft:stone_pickaxe":1,"minecraft:iron_pickaxe":8}},"DataVersion":3465}