{"stats":{"minecraft:picked_up":{"minecraft:wooden_axe":1,"minecraft:cocoa_beans":9,"minecraft:iron_chestplate":4,"minecraft:crafting_table":13,"minecraft:wheat":1,"minecraft:chicken":32,"minecraft:golden_pickaxe":1,"minecraft:lead":14,"minecraft:enchanted_book":5,"minecraft:shield":4,"minecraft:music_disc_cat":1,"minecraft:string":36,"minecraft:raw_copper":73,"minecraft:iron_axe":3,"minecraft:iron_leggings":7,"minecraft:iron_shovel":2,"minecraft:deepslate_tiles":2,"minecraft:candle":75,"minecraft:cobbled_deepslate":935,"minecraft:bucket":3,"minecraft:beef":50,"minecraft:music_disc_otherside":1,"minecraft:echo_shard":3,"minecraft:redstone_torch":2,"minecraft:jungle_sapling":2,"minecraft:iron_pickaxe":24,"minecraft:light_gray_wool":5,"minecraft:melon_slice":80,"minecraft:chest":1,"minecraft:furnace":23,"minecraft:iron_boots":4,"minecraft:egg":2,"minecraft:stick":124,"minecraft:raw_iron":386,"minecraft:stone":144,"minecraft:oak_fence":2,"minecraft:torch":108,"minecraft:porkchop":40,"minecraft:diorite":1,"minecraft:redstone":429,"minecraft:tnt":19,"minecraft:arrow":33,"minecraft:rotten_flesh":48,"minecraft:peony":3,"minecraft:deepslate_bricks":2,"minecraft:cracked_deepslate_bricks":1,"minecraft:ward_armor_trim_smithing_template":1,"minecraft:glow_berries":3,"minecraft:obsidian":8,"minecraft:mutton":28,"minecraft:skeleton_skull":1,"minecraft:white_wool":11,"minecraft:cobblestone":4971,"minecraft:birch_log":28,"minecraft:dune_armor_trim_smithing_template":2,"minecraft:feather":29,"minecraft:cooked_beef":15,"minecraft:andesite":64,"minecraft:jungle_log":38,"minecraft:leather":35,"minecraft:flint":34,"minecraft:tuff":301,"minecraft:oak_log":62,"minecraft:gunpowder":8,"minecraft:lapis_lazuli":235,"minecraft:dirt":295,"minecraft:cooked_mutton":29,"minecraft:bone":41,"minecraft:bow":6,"minecraft:wheat_seeds":20,"minecraft:raw_gold":44,"minecraft:iron_ingot":128,"minecraft:cooked_chicken":2,"minecraft:iron_sword":8,"minecraft:oak_planks":111,"minecraft:sculk_catalyst":1,"minecraft:smooth_basalt":12,"minecraft:cooked_porkchop":30,"minecraft:lava_bucket":1,"minecraft:gravel":303,"minecraft:jungle_planks":43,"minecraft:amethyst_shard":16,"minecraft:soul_torch":7,"minecraft:white_bed":10,"minecraft:spider_eye":4,"minecraft:diamond":31,"minecraft:stone_axe":3,"minecraft:iron_helmet":4,"minecraft:granite":7,"minecraft:gray_wool":6,"minecraft:emerald":13,"minecraft:oak_sapling":1,"minecraft:black_wool":4,"minecraft:coal":1125},"minecraft:used":{"minecraft:iron_shovel":472,"minecraft:chest":13,"minecraft:shield":1,"minecraft:stone":961,"minecraft:iron_sword":455,"minecraft:cooked_chicken":11,"minecraft:iron_chestplate":2,"minecraft:torch":74,"minecraft:dirt":30,"minecraft:anvil":1,"minecraft:jungle_planks":33,"minecraft:tuff":41,"minecraft:wooden_axe":42,"minecraft:lava_bucket":1,"minecraft:iron_axe":191,"minecraft:iron_helmet":1,"minecraft:furnace":15,"minecraft:cooked_beef":22,"minecraft:cobbled_deepslate":154,"minecraft:iron_leggings":2,"minecraft:cooked_mutton":15,"minecraft:wheat_seeds":10,"minecraft:water_bucket":42,"minecraft:diorite":1,"minecraft:birch_planks":27,"minecraft:lead":1,"minecraft:oak_planks":30,"minecraft:stone_pickaxe":132,"minecraft:wooden_pickaxe":13,"minecraft:white_wool":1,"minecraft:glow_berries":1,"minecraft:tnt":1,"minecraft:crafting_table":11,"minecraft:white_bed":10,"minecraft:redstone_torch":2,"minecraft:oak_log":1,"minecraft:diamond_pickaxe":3132,"minecraft:iron_pickaxe":4949,"minecraft:bread":1,"minecraft:melon_slice":24,"minecraft:stone_axe":63,"minecraft:cobblestone":128,"minecraft:cooked_porkchop":24,"minecraft:bucket":43,"minecraft:experience_bottle":9,"minecraft:soul_torch":5},"minecraft:crafted":{"minecraft:oak_planks":184,"minecraft:cooked_chicken":11,"minecraft:furnace":10,"minecraft:stone":1011,"minecraft:cooked_mutton":19,"minecraft:diamond_leggings":1,"minecraft:iron_boots":2,"minecraft:iron_axe":2,"minecraft:stone_pickaxe":1,"minecraft:chest":7,"minecraft:diamond_boots":1,"minecraft:cooked_beef":14,"minecraft:jungle_wood":3,"minecraft:cooked_porkchop":5,"minecraft:crafting_table":4,"minecraft:wooden_pickaxe":2,"minecraft:iron_helmet":2,"minecraft:iron_sword":4,"minecraft:bucket":2,"minecraft:birch_planks":88,"minecraft:stone_axe":1,"minecraft:air":0,"minecraft:jungle_planks":132,"minecraft:iron_chestplate":2,"minecraft:diamond_pickaxe":4,"minecraft:shield":2,"minecraft:stick":168,"minecraft:iron_ingot":159,"minecraft:iron_pickaxe":24,"minecraft:wooden_axe":1,"minecraft:iron_shovel":1,"minecraft:iron_leggings":1,"minecraft:white_bed":1,"minecraft:torch":4,"minecraft:diamond_chestplate":1},"minecraft:killed_by":{"minecraft:warden":5,"minecraft:skeleton":1},"minecraft:broken":{"minecraft:iron_shovel":1,"minecraft:stone_pickaxe":1,"minecraft:diamond_pickaxe":2,"minecraft:iron_sword":1,"minecraft:iron_pickaxe":13,"minecraft:iron_helmet":1},"minecraft:custom":{"minecraft:interact_with_anvil":4,"minecraft:mob_kills":174,"minecraft:inspect_hopper":16,"minecraft:interact_with_crafting_table":96,"minecraft:leave_game":10,"minecraft:time_since_death":421120,"minecraft:climb_one_cm":33714,"minecraft:sprint_one_cm":1275049,"minecraft:walk_one_cm":2046348,"minecraft:damage_blocked_by_shield":30,"minecraft:drop":73,"minecraft:play_time":681361,"minecraft:sneak_time":42923,"minecraft:deaths":12,"minecraft:walk_under_water_one_cm":26583,"minecraft:jump":10120,"minecraft:walk_on_water_one_cm":85303,"minecraft:enchant_item":2,"minecraft:total_world_time":681361,"minecraft:interact_with_furnace":255,"minecraft:sleep_in_bed":30,"minecraft:time_since_rest":31453,"minecraft:damage_taken":8335,"minecraft:damage_dealt":25264,"minecraft:swim_one_cm":29128,"minecraft:fly_one_cm":1354193,"minecraft:open_chest":332,"minecraft:crouch_one_cm":194904,"minecraft:fall_one_cm":207161,"minecraft:horse_one_cm":1323},"minecraft:killed":{"minecraft:spider":20,"minecraft:slime":1,"minecraft:skeleton":32,"minecraft:chicken":19,"minecraft:pig":15,"minecraft:bat":1,"minecraft:creeper":3,"minecraft:sheep":13,"minecraft:pillager":1,"minecraft:zombie":45,"minecraft:cow":21},"minecraft:mined":{"minecraft:tuff":228,"minecraft:white_bed":7,"minecraft:deepslate_diamond_ore":31,"minecraft:candle":7,"minecraft:sculk_vein":3,"minecraft:jungle_leaves":26,"minecraft:obsidian":9,"minecraft:granite":7,"minecraft:grass_block":67,"minecraft:jungle_log":36,"minecraft:spawner":2,"minecraft:redstone_ore":4,"minecraft:furnace":18,"minecraft:iron_ore":253,"minecraft:cobbled_deepslate":3,"minecraft:andesite":29,"minecraft:deepslate_lapis_ore":37,"minecraft:peony":3,"minecraft:deepslate_iron_ore":51,"minecraft:vine":14,"minecraft:stone":4735,"minecraft:white_wool":1,"minecraft:deepslate_redstone_ore":76,"minecraft:soul_torch":3,"minecraft:oak_fence":2,"minecraft:crafting_table":9,"minecraft:torch":43,"minecraft:emerald_ore":11,"minecraft:copper_ore":10,"minecraft:cobblestone":53,"minecraft:deepslate_gold_ore":38,"minecraft:lapis_ore":2,"minecraft:oak_planks":80,"minecraft:sculk":7,"minecraft:diorite":1,"minecraft:wall_torch":23,"minecraft:skeleton_skull":1,"minecraft:gray_wool":2,"minecraft:birch_log":28,"minecraft:redstone_torch":1,"minecraft:wheat":10,"minecraft:tnt":1,"minecraft:grass":29,"minecraft:oak_log":34,"minecraft:coal_ore":666,"minecraft:cocoa":3,"minecraft:gravel":383,"minecraft:dirt":103,"minecraft:cobweb":4,"minecraft:deepslate":1930,"minecraft:oak_leaves":38,"minecraft:infested_stone":3,"minecraft:fern":7},"minecraft:dropped":{"minecraft:iron_ingot":85,"minecraft:birch_planks":1,"minecraft:wheat_seeds":5,"minecraft:lapis_lazuli":4,"minecraft:cooked_beef":11,"minecraft:oak_fence":2,"minecraft:cobblestone":7,"minecraft:lead":3,"minecraft:coal":64,"minecraft:flint":2,"minecraft:emerald":1,"minecraft:stick":37,"minecraft:torch":8,"minecraft:wooden_axe":1,"minecraft:iron_pickaxe":11,"minecraft:birch_log":6,"minecraft:bucket":4,"minecraft:redstone":64,"minecraft:bone":3,"minecraft:gravel":20,"minecraft:furnace":3,"minecraft:stone_axe":2,"minecraft:cobbled_deepslate":63,"minecraft:tuff":31,"minecraft:raw_iron":37,"minecraft:rotten_flesh":1,"minecraft:cooked_mutton":3,"minecraft:ward_armor_trim_smithing_template":1,"minecraft:diamond_pickaxe":1,"minecraft:redstone_torch":3,"minecraft:wooden_pickaxe":1}},"DataVersion":3465}