{"stats":{"minecraft:killed_by":{"minecraft:warden":5,"minecraft:skeleton":1},"minecraft:used":{"minecraft:iron_shovel":251,"minecraft:chest":4,"minecraft:shield":1,"minecraft:stone":954,"minecraft:iron_sword":151,"minecraft:cooked_chicken":2,"minecraft:iron_chestplate":2,"minecraft:torch":35,"minecraft:dirt":20,"minecraft:jungle_planks":33,"minecraft:tuff":2,"minecraft:wooden_axe":42,"minecraft:lava_bucket":1,"minecraft:iron_axe":37,"minecraft:iron_helmet":1,"minecraft:furnace":11,"minecraft:cooked_beef":4,"minecraft:iron_leggings":2,"minecraft:cooked_mutton":11,"minecraft:diorite":1,"minecraft:birch_planks":13,"minecraft:stone_pickaxe":132,"minecraft:wooden_pickaxe":13,"minecraft:white_wool":1,"minecraft:glow_berries":1,"minecraft:tnt":1,"minecraft:crafting_table":9,"minecraft:white_bed":3,"minecraft:oak_log":1,"minecraft:melon_slice":24,"minecraft:iron_pickaxe":2955,"minecraft:stone_axe":63,"minecraft:cobblestone":65,"minecraft:cooked_porkchop":6,"minecraft:soul_torch":3},"minecraft:custom":{"minecraft:mob_kills":66,"minecraft:inspect_hopper":14,"minecraft:interact_with_crafting_table":73,"minecraft:leave_game":2,"minecraft:time_since_death":18365,"minecraft:climb_one_cm":15594,"minecraft:sprint_one_cm":526067,"minecraft:walk_one_cm":764612,"minecraft:damage_blocked_by_shield":30,"minecraft:drop":27,"minecraft:play_time":278606,"minecraft:deaths":12,"minecraft:sneak_time":30589,"minecraft:walk_under_water_one_cm":10150,"minecraft:jump":4111,"minecraft:walk_on_water_one_cm":26545,"minecraft:total_world_time":278606,"minecraft:interact_with_furnace":198,"minecraft:sleep_in_bed":15,"minecraft:time_since_rest":18390,"minecraft:damage_taken":5422,"minecraft:damage_dealt":8313,"minecraft:swim_one_cm":20520,"minecraft:fly_one_cm":660481,"minecraft:open_chest":117,"minecraft:crouch_one_cm":157335,"minecraft:fall_one_cm":105023,"minecraft:horse_one_cm":1323},"minecraft:mined":{"minecraft:tuff":2,"minecraft:white_bed":3,"minecraft:candle":7,"minecraft:sculk_vein":1,"minecraft:jungle_leaves":24,"minecraft:granite":1,"minecraft:grass_block":23,"minecraft:jungle_log":36,"minecraft:spawner":1,"minecraft:redstone_ore":3,"minecraft:furnace":14,"minecraft:iron_ore":156,"minecraft:andesite":11,"minecraft:deepslate_iron_ore":14,"minecraft:vine":10,"minecraft:stone":2578,"minecraft:white_wool":1,"minecraft:soul_torch":2,"minecraft:crafting_table":8,"minecraft:torch":15,"minecraft:emerald_ore":6,"minecraft:copper_ore":1,"minecraft:cobblestone":44,"minecraft:deepslate_gold_ore":3,"minecraft:sculk":1,"minecraft:diorite":1,"minecraft:wall_torch":15,"minecraft:gray_wool":2,"minecraft:birch_log":13,"minecraft:tnt":1,"minecraft:grass":28,"minecraft:oak_log":24,"minecraft:coal_ore":251,"minecraft:gravel":174,"minecraft:dirt":76,"minecraft:cobweb":4,"minecraft:oak_leaves":22,"minecraft:deepslate":2,"minecraft:fern":7},"minecraft:dropped":{"minecraft:iron_ingot":37,"minecraft:wheat_seeds":5,"minecraft:cooked_beef":11,"minecraft:stick":1,"minecraft:torch":7,"minecraft:wooden_axe":1,"minecraft:iron_pickaxe":2,"minecraft:birch_log":6,"minecraft:furnace":3,"minecraft:stone_axe":2,"minecraft:raw_iron":37,"minecraft:rotten_flesh":1,"minecraft:cooked_mutton":3,"minecraft:wooden_pickaxe":1},"minecraft:killed":{"minecraft:spider":4,"minecraft:skeleton":9,"minecraft:chicken":8,"minecraft:pig":11,"minecraft:creeper":2,"minecraft:sheep":10,"minecraft:pillager":1,"minecraft:zombie":5,"minecraft:cow":15},"minecraft:picked_up":{"minecraft:wooden_axe":1,"minecraft:crafting_table":11,"minecraft:iron_chestplate":4,"minecraft:chicken":21,"minecraft:golden_pickaxe":1,"minecraft:enchanted_book":5,"minecraft:shield":3,"minecraft:music_disc_cat":1,"minecraft:string":23,"minecraft:raw_copper":29,"minecraft:iron_axe":3,"minecraft:iron_leggings":7,"minecraft:iron_shovel":1,"minecraft:deepslate_tiles":2,"minecraft:candle":75,"minecraft:cobbled_deepslate":82,"minecraft:music_disc_otherside":1,"minecraft:echo_shard":3,"minecraft:beef":38,"minecraft:jungle_sapling":2,"minecraft:iron_pickaxe":15,"minecraft:light_gray_wool":4,"minecraft:melon_slice":80,"minecraft:iron_boots":4,"minecraft:furnace":18,"minecraft:stick":122,"minecraft:raw_iron":246,"minecraft:stone":87,"minecraft:torch":65,"minecraft:porkchop":32,"minecraft:diorite":1,"minecraft:redstone":36,"minecraft:tnt":19,"minecraft:rotten_flesh":8,"minecraft:arrow":10,"minecraft:deepslate_bricks":2,"minecraft:cracked_deepslate_bricks":1,"minecraft:glow_berries":3,"minecraft:mutton":24,"minecraft:white_wool":9,"minecraft:cobblestone":2853,"minecraft:birch_log":13,"minecraft:dune_armor_trim_smithing_template":2,"minecraft:feather":18,"minecraft:cooked_beef":7,"minecraft:jungle_log":36,"minecraft:andesite":64,"minecraft:leather":30,"minecraft:flint":23,"minecraft:tuff":13,"minecraft:oak_log":30,"minecraft:gunpowder":6,"minecraft:dirt":216,"minecraft:cooked_mutton":29,"minecraft:bone":17,"minecraft:bow":3,"minecraft:wheat_seeds":6,"minecraft:raw_gold":9,"minecraft:iron_ingot":124,"minecraft:cooked_chicken":2,"minecraft:oak_planks":32,"minecraft:iron_sword":8,"minecraft:sculk_catalyst":1,"minecraft:cooked_porkchop":28,"minecraft:lava_bucket":1,"minecraft:gravel":157,"minecraft:jungle_planks":41,"minecraft:amethyst_shard":16,"minecraft:soul_torch":5,"minecraft:white_bed":3,"minecraft:spider_eye":1,"minecraft:stone_axe":2,"minecraft:iron_helmet":4,"minecraft:granite":7,"minecraft:gray_wool":6,"minecraft:emerald":8,"minecraft:oak_sapling":1,"minecraft:black_wool":4,"minecraft:coal":568},"minecraft:crafted":{"minecraft:oak_planks":60,"minecraft:cooked_chicken":2,"minecraft:furnace":9,"minecraft:stone":1011,"minecraft:cooked_mutton":19,"minecraft:iron_boots":2,"minecraft:iron_axe":2,"minecraft:stone_pickaxe":1,"minecraft:chest":4,"minecraft:cooked_beef":9,"minecraft:jungle_wood":3,"minecraft:cooked_porkchop":2,"minecraft:crafting_table":1,"minecraft:wooden_pickaxe":2,"minecraft:iron_helmet":2,"minecraft:iron_sword":3,"minecraft:birch_planks":28,"minecraft:stone_axe":1,"minecraft:air":0,"minecraft:jungle_planks":132,"minecraft:iron_chestplate":2,"minecraft:shield":2,"minecraft:stick":108,"minecraft:iron_ingot":159,"minecraft:iron_pickaxe":18,"minecraft:wooden_axe":1,"minecraft:iron_shovel":1,"minecraft:iron_leggings":1,"minecraft:white_bed":1,"minecraft:torch":4},"minecraft:broken":{"minecraft:iron_shovel":1,"minecraft:stone_pickaxe":1,"minecraft:iron_pickaxe":8}},"DataVersion":3465}