{"stats":{"minecraft:broken":{"minecraft:iron_shovel":1,"minecraft:stone_pickaxe":1,"minecraft:diamond_pickaxe":1,"minecraft:iron_sword":1,"minecraft:iron_pickaxe":9,"minecraft:iron_helmet":1},"minecraft:custom":{"minecraft:mob_kills":150,"minecraft:inspect_hopper":16,"minecraft:interact_with_crafting_table":84,"minecraft:leave_game":9,"minecraft:time_since_death":254495,"minecraft:climb_one_cm":23295,"minecraft:sprint_one_cm":989460,"minecraft:walk_one_cm":1558238,"minecraft:damage_blocked_by_shield":30,"minecraft:drop":63,"minecraft:play_time":514736,"minecraft:sneak_time":38911,"minecraft:deaths":12,"minecraft:walk_under_water_one_cm":23851,"minecraft:jump":7875,"minecraft:walk_on_water_one_cm":78289,"minecraft:total_world_time":514736,"minecraft:interact_with_furnace":239,"minecraft:sleep_in_bed":22,"minecraft:time_since_rest":582,"minecraft:damage_taken":7525,"minecraft:damage_dealt":20961,"minecraft:swim_one_cm":28191,"minecraft:fly_one_cm":1010424,"minecraft:open_chest":234,"minecraft:crouch_one_cm":177430,"minecraft:fall_one_cm":163604,"minecraft:horse_one_cm":1323},"minecraft:crafted":{"minecraft:oak_planks":152,"minecraft:cooked_chicken":10,"minecraft:furnace":10,"minecraft:stone":1011,"minecraft:cooked_mutton":19,"minecraft:diamond_leggings":1,"minecraft:iron_boots":2,"minecraft:iron_axe":2,"minecraft:stone_pickaxe":1,"minecraft:chest":4,"minecraft:diamond_boots":1,"minecraft:cooked_beef":9,"minecraft:jungle_wood":3,"minecraft:cooked_porkchop":2,"minecraft:crafting_table":4,"minecraft:wooden_pickaxe":2,"minecraft:iron_helmet":2,"minecraft:iron_sword":3,"minecraft:bucket":2,"minecraft:birch_planks":40,"minecraft:stone_axe":1,"minecraft:air":0,"minecraft:jungle_planks":132,"minecraft:iron_chestplate":2,"minecraft:diamond_pickaxe":4,"minecraft:shield":2,"minecraft:stick":152,"minecraft:iron_ingot":159,"minecraft:iron_pickaxe":18,"minecraft:wooden_axe":1,"minecraft:iron_shovel":1,"minecraft:iron_leggings":1,"minecraft:white_bed":1,"minecraft:torch":4,"minecraft:diamond_chestplate":1},"minecraft:mined":{"minecraft:tuff":227,"minecraft:white_bed":7,"minecraft:deepslate_diamond_ore":30,"minecraft:candle":7,"minecraft:sculk_vein":3,"minecraft:jungle_leaves":24,"minecraft:obsidian":9,"minecraft:granite":7,"minecraft:grass_block":35,"minecraft:jungle_log":36,"minecraft:spawner":2,"minecraft:redstone_ore":4,"minecraft:furnace":15,"minecraft:iron_ore":228,"minecraft:cobbled_deepslate":3,"minecraft:andesite":29,"minecraft:deepslate_lapis_ore":29,"minecraft:peony":3,"minecraft:deepslate_iron_ore":50,"minecraft:vine":13,"minecraft:stone":2986,"minecraft:white_wool":1,"minecraft:deepslate_redstone_ore":76,"minecraft:soul_torch":3,"minecraft:oak_fence":2,"minecraft:crafting_table":9,"minecraft:torch":23,"minecraft:emerald_ore":9,"minecraft:copper_ore":10,"minecraft:cobblestone":46,"minecraft:deepslate_gold_ore":37,"minecraft:lapis_ore":2,"minecraft:oak_planks":80,"minecraft:sculk":7,"minecraft:diorite":1,"minecraft:wall_torch":22,"minecraft:skeleton_skull":1,"minecraft:gray_wool":2,"minecraft:birch_log":16,"minecraft:redstone_torch":1,"minecraft:tnt":1,"minecraft:grass":29,"minecraft:oak_log":26,"minecraft:coal_ore":559,"minecraft:cocoa":3,"minecraft:gravel":381,"minecraft:dirt":93,"minecraft:cobweb":4,"minecraft:deepslate":1916,"minecraft:oak_leaves":26,"minecraft:infested_stone":3,"minecraft:fern":7},"minecraft:killed":{"minecraft:spider":16,"minecraft:skeleton":27,"minecraft:chicken":18,"minecraft:pig":14,"minecraft:bat":1,"minecraft:creeper":3,"minecraft:sheep":13,"minecraft:pillager":1,"minecraft:zombie":35,"minecraft:cow":19},"minecraft:killed_by":{"minecraft:warden":5,"minecraft:skeleton":1},"minecraft:used":{"minecraft:iron_shovel":450,"minecraft:chest":9,"minecraft:shield":1,"minecraft:stone":961,"minecraft:iron_sword":380,"minecraft:cooked_chicken":10,"minecraft:iron_chestplate":2,"minecraft:torch":49,"minecraft:dirt":20,"minecraft:jungle_planks":33,"minecraft:tuff":41,"minecraft:wooden_axe":42,"minecraft:lava_bucket":1,"minecraft:iron_axe":159,"minecraft:iron_helmet":1,"minecraft:furnace":12,"minecraft:cooked_beef":11,"minecraft:cobbled_deepslate":154,"minecraft:iron_leggings":2,"minecraft:cooked_mutton":15,"minecraft:water_bucket":42,"minecraft:diorite":1,"minecraft:birch_planks":27,"minecraft:oak_planks":29,"minecraft:stone_pickaxe":132,"minecraft:wooden_pickaxe":13,"minecraft:white_wool":1,"minecraft:glow_berries":1,"minecraft:tnt":1,"minecraft:crafting_table":11,"minecraft:white_bed":7,"minecraft:redstone_torch":2,"minecraft:oak_log":1,"minecraft:diamond_pickaxe":2721,"minecraft:bread":1,"minecraft:melon_slice":24,"minecraft:iron_pickaxe":3441,"minecraft:stone_axe":63,"minecraft:cobblestone":80,"minecraft:cooked_porkchop":19,"minecraft:bucket":43,"minecraft:experience_bottle":9,"minecraft:soul_torch":5},"minecraft:dropped":{"minecraft:iron_ingot":85,"minecraft:birch_planks":1,"minecraft:wheat_seeds":5,"minecraft:cooked_beef":11,"minecraft:oak_fence":2,"minecraft:cobblestone":7,"minecraft:coal":64,"minecraft:flint":2,"minecraft:emerald":1,"minecraft:stick":37,"minecraft:torch":8,"minecraft:wooden_axe":1,"minecraft:iron_pickaxe":5,"minecraft:birch_log":6,"minecraft:bucket":4,"minecraft:redstone":64,"minecraft:bone":3,"minecraft:gravel":20,"minecraft:furnace":3,"minecraft:stone_axe":2,"minecraft:cobbled_deepslate":63,"minecraft:tuff":31,"minecraft:raw_iron":37,"minecraft:rotten_flesh":1,"minecraft:cooked_mutton":3,"minecraft:ward_armor_trim_smithing_template":1,"minecraft:diamond_pickaxe":1,"minecraft:redstone_torch":3,"minecraft:wooden_pickaxe":1},"minecraft:picked_up":{"minecraft:wooden_axe":1,"minecraft:cocoa_beans":9,"minecraft:iron_chestplate":4,"minecraft:crafting_table":12,"minecraft:chicken":31,"minecraft:golden_pickaxe":1,"minecraft:enchanted_book":5,"minecraft:shield":4,"minecraft:music_disc_cat":1,"minecraft:string":33,"minecraft:raw_copper":51,"minecraft:iron_axe":3,"minecraft:iron_leggings":7,"minecraft:iron_shovel":1,"minecraft:deepslate_tiles":2,"minecraft:candle":75,"minecraft:cobbled_deepslate":831,"minecraft:bucket":2,"minecraft:beef":45,"minecraft:music_disc_otherside":1,"minecraft:echo_shard":3,"minecraft:redstone_torch":2,"minecraft:jungle_sapling":2,"minecraft:iron_pickaxe":16,"minecraft:light_gray_wool":5,"minecraft:melon_slice":80,"minecraft:furnace":19,"minecraft:iron_boots":4,"minecraft:egg":1,"minecraft:stick":122,"minecraft:raw_iron":353,"minecraft:stone":87,"minecraft:oak_fence":2,"minecraft:torch":85,"minecraft:porkchop":37,"minecraft:diorite":1,"minecraft:redstone":407,"minecraft:tnt":19,"minecraft:arrow":30,"minecraft:rotten_flesh":37,"minecraft:peony":3,"minecraft:deepslate_bricks":2,"minecraft:cracked_deepslate_bricks":1,"minecraft:ward_armor_trim_smithing_template":1,"minecraft:obsidian":8,"minecraft:glow_berries":3,"minecraft:mutton":28,"minecraft:skeleton_skull":1,"minecraft:white_wool":11,"minecraft:cobblestone":3158,"minecraft:birch_log":16,"minecraft:dune_armor_trim_smithing_template":2,"minecraft:feather":28,"minecraft:cooked_beef":7,"minecraft:andesite":64,"minecraft:jungle_log":36,"minecraft:leather":33,"minecraft:flint":33,"minecraft:tuff":237,"minecraft:oak_log":53,"minecraft:gunpowder":7,"minecraft:lapis_lazuli":170,"minecraft:dirt":240,"minecraft:cooked_mutton":29,"minecraft:bone":37,"minecraft:bow":6,"minecraft:wheat_seeds":7,"minecraft:raw_gold":43,"minecraft:iron_ingot":124,"minecraft:cooked_chicken":2,"minecraft:iron_sword":8,"minecraft:oak_planks":111,"minecraft:sculk_catalyst":1,"minecraft:smooth_basalt":12,"minecraft:cooked_porkchop":28,"minecraft:lava_bucket":1,"minecraft:gravel":288,"minecraft:jungle_planks":41,"minecraft:amethyst_shard":16,"minecraft:soul_torch":7,"minecraft:white_bed":7,"minecraft:spider_eye":3,"minecraft:diamond":31,"minecraft:stone_axe":2,"minecraft:iron_helmet":4,"minecraft:granite":7,"minecraft:gray_wool":6,"minecraft:emerald":11,"minecraft:oak_sapling":1,"minecraft:black_wool":4,"minecraft:coal":939}},"DataVersion":3465}