{"stats":{"minecraft:custom":{"minecraft:interact_with_furnace":133,"minecraft:mob_kills":51,"minecraft:interact_with_crafting_table":43,"minecraft:time_since_death":43607,"minecraft:sleep_in_bed":6,"minecraft:climb_one_cm":9564,"minecraft:time_since_rest":0,"minecraft:sprint_one_cm":216795,"minecraft:damage_taken":1757,"minecraft:walk_one_cm":285905,"minecraft:drop":12,"minecraft:damage_dealt":5726,"minecraft:swim_one_cm":6838,"minecraft:fly_one_cm":286795,"minecraft:open_chest":19,"minecraft:crouch_one_cm":6047,"minecraft:play_time":104528,"minecraft:deaths":3,"minecraft:sneak_time":2571,"minecraft:walk_under_water_one_cm":1681,"minecraft:jump":1943,"minecraft:walk_on_water_one_cm":5947,"minecraft:total_world_time":104528,"minecraft:fall_one_cm":52237},"minecraft:broken":{"minecraft:stone_pickaxe":1,"minecraft:iron_pickaxe":3},"minecraft:crafted":{"minecraft:cooked_beef":9,"minecraft:jungle_wood":3,"minecraft:cooked_porkchop":2,"minecraft:crafting_table":1,"minecraft:iron_helmet":1,"minecraft:wooden_pickaxe":2,"minecraft:cooked_chicken":2,"minecraft:iron_sword":1,"minecraft:furnace":9,"minecraft:stone":778,"minecraft:stone_axe":1,"minecraft:cooked_mutton":9,"minecraft:air":0,"minecraft:jungle_planks":132,"minecraft:iron_boots":1,"minecraft:iron_chestplate":1,"minecraft:shield":1,"minecraft:iron_axe":1,"minecraft:stick":80,"minecraft:iron_ingot":60,"minecraft:iron_pickaxe":5,"minecraft:stone_pickaxe":1,"minecraft:wooden_axe":1,"minecraft:chest":4,"minecraft:iron_shovel":1,"minecraft:iron_leggings":1,"minecraft:white_bed":1,"minecraft:torch":4},"minecraft:mined":{"minecraft:white_bed":3,"minecraft:jungle_leaves":23,"minecraft:crafting_table":8,"minecraft:torch":6,"minecraft:emerald_ore":4,"minecraft:grass_block":14,"minecraft:jungle_log":36,"minecraft:copper_ore":1,"minecraft:cobblestone":43,"minecraft:diorite":1,"minecraft:wall_torch":5,"minecraft:furnace":4,"minecraft:iron_ore":109,"minecraft:grass":28,"minecraft:coal_ore":69,"minecraft:oak_log":9,"minecraft:vine":9,"minecraft:dirt":3,"minecraft:stone":899,"minecraft:white_wool":1,"minecraft:oak_leaves":6,"minecraft:fern":7},"minecraft:killed":{"minecraft:pig":10,"minecraft:creeper":2,"minecraft:sheep":8,"minecraft:skeleton":4,"minecraft:zombie":3,"minecraft:chicken":8,"minecraft:cow":15},"minecraft:killed_by":{"minecraft:skeleton":1},"minecraft:used":{"minecraft:cooked_mutton":4,"minecraft:diorite":1,"minecraft:stone_pickaxe":132,"minecraft:chest":4,"minecraft:wooden_pickaxe":13,"minecraft:stone":175,"minecraft:iron_sword":94,"minecraft:cooked_chicken":2,"minecraft:iron_chestplate":1,"minecraft:white_wool":1,"minecraft:torch":12,"minecraft:crafting_table":9,"minecraft:jungle_planks":33,"minecraft:white_bed":3,"minecraft:oak_log":1,"minecraft:wooden_axe":42,"minecraft:iron_axe":6,"minecraft:iron_pickaxe":989,"minecraft:stone_axe":63,"minecraft:cobblestone":61,"minecraft:furnace":11,"minecraft:cooked_porkchop":2,"minecraft:cooked_beef":4},"minecraft:dropped":{"minecraft:furnace":3,"minecraft:stone_axe":2,"minecraft:wheat_seeds":5,"minecraft:cooked_beef":11,"minecraft:rotten_flesh":1,"minecraft:wooden_axe":1,"minecraft:wooden_pickaxe":1},"minecraft:picked_up":{"minecraft:wooden_axe":1,"minecraft:iron_chestplate":1,"minecraft:crafting_table":10,"minecraft:feather":16,"minecraft:cooked_beef":7,"minecraft:chicken":14,"minecraft:jungle_log":36,"minecraft:leather":30,"minecraft:oak_log":15,"minecraft:shield":1,"minecraft:gunpowder":6,"minecraft:dirt":28,"minecraft:cooked_mutton":7,"minecraft:raw_copper":8,"minecraft:iron_axe":1,"minecraft:iron_leggings":1,"minecraft:bone":8,"minecraft:bow":1,"minecraft:wheat_seeds":6,"minecraft:iron_ingot":24,"minecraft:beef":38,"minecraft:cooked_chicken":2,"minecraft:jungle_sapling":2,"minecraft:iron_pickaxe":2,"minecraft:light_gray_wool":4,"minecraft:iron_sword":1,"minecraft:iron_boots":1,"minecraft:furnace":8,"minecraft:raw_iron":139,"minecraft:stick":64,"minecraft:torch":16,"minecraft:porkchop":29,"minecraft:jungle_planks":41,"minecraft:diorite":1,"minecraft:white_bed":3,"minecraft:arrow":4,"minecraft:rotten_flesh":4,"minecraft:stone_axe":1,"minecraft:iron_helmet":1,"minecraft:emerald":6,"minecraft:black_wool":1,"minecraft:mutton":15,"minecraft:coal":151,"minecraft:white_wool":6,"minecraft:cobblestone":976}},"DataVersion":3465}