{"stats":{"minecraft:custom":{"minecraft:interact_with_furnace":51,"minecraft:mob_kills":39,"minecraft:interact_with_crafting_table":34,"minecraft:time_since_death":1607,"minecraft:sleep_in_bed":1,"minecraft:climb_one_cm":9058,"minecraft:time_since_rest":1736,"minecraft:sprint_one_cm":152786,"minecraft:damage_taken":1493,"minecraft:walk_one_cm":151268,"minecraft:drop":9,"minecraft:damage_dealt":4337,"minecraft:swim_one_cm":6838,"minecraft:fly_one_cm":174052,"minecraft:crouch_one_cm":4353,"minecraft:play_time":62528,"minecraft:deaths":3,"minecraft:sneak_time":2222,"minecraft:walk_under_water_one_cm":921,"minecraft:jump":1364,"minecraft:walk_on_water_one_cm":5211,"minecraft:total_world_time":62528,"minecraft:fall_one_cm":42650},"minecraft:broken":{"minecraft:stone_pickaxe":1},"minecraft:crafted":{"minecraft:cooked_beef":9,"minecraft:jungle_wood":3,"minecraft:cooked_porkchop":2,"minecraft:crafting_table":1,"minecraft:iron_helmet":1,"minecraft:wooden_pickaxe":2,"minecraft:cooked_chicken":2,"minecraft:iron_sword":1,"minecraft:furnace":2,"minecraft:stone_axe":1,"minecraft:cooked_mutton":9,"minecraft:air":0,"minecraft:jungle_planks":132,"minecraft:iron_boots":1,"minecraft:iron_chestplate":1,"minecraft:shield":1,"minecraft:iron_axe":1,"minecraft:stick":80,"minecraft:iron_ingot":60,"minecraft:iron_pickaxe":2,"minecraft:stone_pickaxe":1,"minecraft:wooden_axe":1,"minecraft:iron_leggings":1,"minecraft:white_bed":1,"minecraft:torch":4},"minecraft:mined":{"minecraft:white_bed":1,"minecraft:jungle_leaves":23,"minecraft:crafting_table":8,"minecraft:torch":1,"minecraft:emerald_ore":2,"minecraft:grass_block":14,"minecraft:jungle_log":36,"minecraft:copper_ore":1,"minecraft:diorite":1,"minecraft:wall_torch":4,"minecraft:furnace":4,"minecraft:iron_ore":90,"minecraft:grass":19,"minecraft:coal_ore":47,"minecraft:oak_log":9,"minecraft:vine":9,"minecraft:dirt":3,"minecraft:stone":41,"minecraft:white_wool":1,"minecraft:oak_leaves":6,"minecraft:fern":4},"minecraft:killed":{"minecraft:pig":7,"minecraft:creeper":2,"minecraft:sheep":5,"minecraft:skeleton":4,"minecraft:zombie":2,"minecraft:chicken":8,"minecraft:cow":11},"minecraft:killed_by":{"minecraft:skeleton":1},"minecraft:used":{"minecraft:cooked_mutton":2,"minecraft:diorite":1,"minecraft:stone_pickaxe":132,"minecraft:wooden_pickaxe":13,"minecraft:iron_sword":53,"minecraft:iron_chestplate":1,"minecraft:white_wool":1,"minecraft:torch":6,"minecraft:crafting_table":8,"minecraft:jungle_planks":33,"minecraft:white_bed":1,"minecraft:oak_log":1,"minecraft:wooden_axe":42,"minecraft:iron_axe":6,"minecraft:iron_pickaxe":44,"minecraft:stone_axe":63,"minecraft:furnace":3,"minecraft:cooked_porkchop":2,"minecraft:cooked_beef":3},"minecraft:dropped":{"minecraft:stone_axe":2,"minecraft:wheat_seeds":5,"minecraft:cooked_beef":11,"minecraft:rotten_flesh":1,"minecraft:wooden_axe":1,"minecraft:wooden_pickaxe":1},"minecraft:picked_up":{"minecraft:wooden_axe":1,"minecraft:iron_chestplate":1,"minecraft:crafting_table":10,"minecraft:feather":16,"minecraft:cooked_beef":7,"minecraft:chicken":14,"minecraft:jungle_log":36,"minecraft:leather":24,"minecraft:oak_log":15,"minecraft:shield":1,"minecraft:gunpowder":6,"minecraft:dirt":28,"minecraft:cooked_mutton":7,"minecraft:raw_copper":8,"minecraft:iron_axe":1,"minecraft:iron_leggings":1,"minecraft:bone":8,"minecraft:bow":1,"minecraft:wheat_seeds":5,"minecraft:iron_ingot":24,"minecraft:beef":29,"minecraft:cooked_chicken":2,"minecraft:jungle_sapling":2,"minecraft:iron_pickaxe":2,"minecraft:light_gray_wool":4,"minecraft:iron_sword":1,"minecraft:iron_boots":1,"minecraft:furnace":7,"minecraft:raw_iron":120,"minecraft:stick":64,"minecraft:torch":10,"minecraft:porkchop":22,"minecraft:jungle_planks":41,"minecraft:diorite":1,"minecraft:white_bed":2,"minecraft:arrow":4,"minecraft:rotten_flesh":1,"minecraft:stone_axe":1,"minecraft:iron_helmet":1,"minecraft:emerald":4,"minecraft:mutton":9,"minecraft:coal":129,"minecraft:white_wool":4,"minecraft:cobblestone":60}},"DataVersion":3465}