{"stats":{"minecraft:custom":{"minecraft:time_since_rest":51,"minecraft:interact_with_furnace":2,"minecraft:sprint_one_cm":20919,"minecraft:damage_taken":510,"minecraft:walk_one_cm":41102,"minecraft:mob_kills":2,"minecraft:drop":5,"minecraft:damage_dealt":167,"minecraft:interact_with_crafting_table":7,"minecraft:fly_one_cm":14358,"minecraft:crouch_one_cm":47,"minecraft:play_time":26730,"minecraft:deaths":2,"minecraft:sneak_time":48,"minecraft:jump":168,"minecraft:time_since_death":0,"minecraft:climb_one_cm":2174,"minecraft:total_world_time":26730,"minecraft:fall_one_cm":8455},"minecraft:broken":{"minecraft:stone_pickaxe":1},"minecraft:crafted":{"minecraft:oak_planks":48,"minecraft:crafting_table":2,"minecraft:stick":22,"minecraft:wooden_pickaxe":1,"minecraft:stone_pickaxe":2,"minecraft:wooden_axe":1,"minecraft:stone_sword":1,"minecraft:furnace":1,"minecraft:torch":4,"minecraft:stone_axe":1,"minecraft:jungle_planks":124},"minecraft:mined":{"minecraft:iron_ore":2,"minecraft:jungle_leaves":1,"minecraft:crafting_table":1,"minecraft:grass_block":2,"minecraft:oak_log":11,"minecraft:coal_ore":17,"minecraft:jungle_planks":6,"minecraft:cocoa":2,"minecraft:vine":3,"minecraft:jungle_log":31,"minecraft:dirt":2,"minecraft:copper_ore":8,"minecraft:stone":119},"minecraft:killed":{"minecraft:pig":1},"minecraft:killed_by":{"minecraft:creeper":1},"minecraft:used":{"minecraft:wooden_axe":38,"minecraft:stone_sword":9,"minecraft:stone_pickaxe":131,"minecraft:wooden_pickaxe":16,"minecraft:torch":2,"minecraft:stone_axe":7,"minecraft:crafting_table":3,"minecraft:furnace":1,"minecraft:jungle_planks":25},"minecraft:dropped":{"minecraft:dirt":4,"minecraft:stone_sword":1},"minecraft:picked_up":{"minecraft:raw_iron":2,"minecraft:cocoa_beans":6,"minecraft:stick":2,"minecraft:crafting_table":1,"minecraft:jungle_log":31,"minecraft:wooden_pickaxe":1,"minecraft:porkchop":1,"minecraft:jungle_planks":5,"minecraft:oak_log":12,"minecraft:dirt":6,"minecraft:raw_copper":26,"minecraft:stone_sword":1,"minecraft:jungle_sapling":3,"minecraft:coal":17,"minecraft:cobblestone":120}},"DataVersion":3465}