{"stats":{"minecraft:custom":{"minecraft:interact_with_furnace":105,"minecraft:mob_kills":17,"minecraft:inspect_hopper":18,"minecraft:interact_with_crafting_table":30,"minecraft:time_since_death":89948,"minecraft:sleep_in_bed":4,"minecraft:climb_one_cm":3006,"minecraft:time_since_rest":11979,"minecraft:sprint_one_cm":119902,"minecraft:damage_taken":967,"minecraft:walk_one_cm":176860,"minecraft:drop":24,"minecraft:damage_dealt":2372,"minecraft:open_chest":21,"minecraft:swim_one_cm":22076,"minecraft:fly_one_cm":97088,"minecraft:crouch_one_cm":320,"minecraft:play_time":116730,"minecraft:deaths":2,"minecraft:sneak_time":293,"minecraft:walk_under_water_one_cm":9896,"minecraft:jump":829,"minecraft:walk_on_water_one_cm":3183,"minecraft:total_world_time":116730,"minecraft:fall_one_cm":25484},"minecraft:broken":{"minecraft:stone_pickaxe":1,"minecraft:iron_pickaxe":3},"minecraft:crafted":{"minecraft:cooked_beef":5,"minecraft:oak_planks":48,"minecraft:cooked_porkchop":4,"minecraft:crafting_table":3,"minecraft:cooked_chicken":2,"minecraft:iron_helmet":1,"minecraft:wooden_pickaxe":1,"minecraft:iron_sword":1,"minecraft:furnace":2,"minecraft:copper_ingot":39,"minecraft:stone":13,"minecraft:stone_axe":1,"minecraft:cooked_mutton":5,"minecraft:air":0,"minecraft:jungle_planks":124,"minecraft:hopper":1,"minecraft:iron_boots":1,"minecraft:iron_chestplate":1,"minecraft:shield":1,"minecraft:stick":118,"minecraft:iron_ingot":51,"minecraft:chest":4,"minecraft:iron_pickaxe":6,"minecraft:stone_pickaxe":2,"minecraft:wooden_axe":1,"minecraft:iron_leggings":1,"minecraft:white_bed":1,"minecraft:stone_sword":1,"minecraft:iron_shovel":1,"minecraft:torch":60},"minecraft:mined":{"minecraft:white_bed":2,"minecraft:jungle_leaves":1,"minecraft:crafting_table":4,"minecraft:torch":7,"minecraft:glow_lichen":1,"minecraft:emerald_ore":3,"minecraft:grass_block":2,"minecraft:jungle_planks":6,"minecraft:chest":4,"minecraft:jungle_log":31,"minecraft:cobblestone":6,"minecraft:copper_ore":11,"minecraft:lapis_ore":2,"minecraft:wall_torch":1,"minecraft:furnace":4,"minecraft:iron_ore":51,"minecraft:grass":16,"minecraft:vine":3,"minecraft:coal_ore":163,"minecraft:oak_log":11,"minecraft:cocoa":2,"minecraft:gravel":19,"minecraft:dirt":16,"minecraft:stone":813,"minecraft:fern":1},"minecraft:killed":{"minecraft:pig":2,"minecraft:sheep":3,"minecraft:skeleton":1,"minecraft:zombie":5,"minecraft:chicken":2,"minecraft:cow":3},"minecraft:killed_by":{"minecraft:creeper":1},"minecraft:used":{"minecraft:stone_sword":77,"minecraft:iron_shovel":33,"minecraft:stone_pickaxe":249,"minecraft:chest":7,"minecraft:wooden_pickaxe":16,"minecraft:iron_sword":52,"minecraft:iron_chestplate":1,"minecraft:torch":32,"minecraft:dirt":8,"minecraft:hopper":1,"minecraft:crafting_table":6,"minecraft:jungle_planks":55,"minecraft:white_bed":4,"minecraft:wooden_axe":38,"minecraft:iron_pickaxe":794,"minecraft:iron_helmet":1,"minecraft:iron_boots":1,"minecraft:stone_axe":12,"minecraft:cobblestone":37,"minecraft:furnace":8,"minecraft:cooked_porkchop":1,"minecraft:cooked_beef":6,"minecraft:iron_leggings":1},"minecraft:dropped":{"minecraft:wheat_seeds":1,"minecraft:stone_sword":2,"minecraft:rotten_flesh":13,"minecraft:dirt":8,"minecraft:wooden_axe":1,"minecraft:jungle_sapling":3,"minecraft:arrow":1,"minecraft:stone_pickaxe":2,"minecraft:wooden_pickaxe":4,"minecraft:bone":2},"minecraft:picked_up":{"minecraft:wooden_axe":1,"minecraft:cocoa_beans":12,"minecraft:crafting_table":4,"minecraft:feather":2,"minecraft:cooked_beef":5,"minecraft:chicken":2,"minecraft:jungle_log":31,"minecraft:leather":4,"minecraft:wooden_pickaxe":5,"minecraft:flint":1,"minecraft:oak_log":12,"minecraft:lapis_lazuli":13,"minecraft:dirt":31,"minecraft:raw_copper":39,"minecraft:bone":2,"minecraft:wheat_seeds":1,"minecraft:beef":5,"minecraft:stone_pickaxe":2,"minecraft:jungle_sapling":6,"minecraft:chest":4,"minecraft:oak_planks":48,"minecraft:furnace":5,"minecraft:stick":16,"minecraft:raw_iron":53,"minecraft:torch":12,"minecraft:gravel":17,"minecraft:porkchop":5,"minecraft:jungle_planks":83,"minecraft:white_bed":3,"minecraft:stone_sword":2,"minecraft:arrow":1,"minecraft:rotten_flesh":13,"minecraft:stone_axe":1,"minecraft:emerald":3,"minecraft:mutton":5,"minecraft:coal":183,"minecraft:white_wool":3,"minecraft:cobblestone":889}},"DataVersion":3465}