{"stats":{"minecraft:killed_by":{"minecraft:creeper":1},"minecraft:custom":{"minecraft:interact_with_furnace":172,"minecraft:mob_kills":23,"minecraft:inspect_hopper":23,"minecraft:interact_with_crafting_table":50,"minecraft:leave_game":1,"minecraft:time_since_death":207580,"minecraft:sleep_in_bed":14,"minecraft:climb_one_cm":6625,"minecraft:time_since_rest":26825,"minecraft:sprint_one_cm":271474,"minecraft:damage_taken":1243,"minecraft:walk_one_cm":446692,"minecraft:damage_blocked_by_shield":210,"minecraft:drop":32,"minecraft:damage_dealt":3166,"minecraft:swim_one_cm":23198,"minecraft:play_time":234362,"minecraft:fly_one_cm":123713,"minecraft:crouch_one_cm":3223,"minecraft:open_chest":99,"minecraft:sneak_time":1529,"minecraft:deaths":2,"minecraft:walk_under_water_one_cm":17170,"minecraft:jump":1237,"minecraft:walk_on_water_one_cm":15404,"minecraft:total_world_time":234362,"minecraft:fall_one_cm":32344},"minecraft:used":{"minecraft:cooked_mutton":2,"minecraft:stone_sword":77,"minecraft:iron_shovel":278,"minecraft:stone_pickaxe":249,"minecraft:ladder":3,"minecraft:shield":4,"minecraft:chest":16,"minecraft:wooden_pickaxe":16,"minecraft:stone":61,"minecraft:iron_sword":81,"minecraft:cooked_chicken":2,"minecraft:iron_chestplate":1,"minecraft:torch":53,"minecraft:dirt":15,"minecraft:hopper":9,"minecraft:crafting_table":6,"minecraft:jungle_planks":55,"minecraft:white_bed":4,"minecraft:wooden_axe":38,"minecraft:iron_pickaxe":2211,"minecraft:iron_helmet":1,"minecraft:iron_boots":1,"minecraft:stone_axe":18,"minecraft:cobblestone":132,"minecraft:white_banner":1,"minecraft:furnace":12,"minecraft:cooked_porkchop":4,"minecraft:cooked_beef":6,"minecraft:iron_leggings":1},"minecraft:mined":{"minecraft:white_bed":2,"minecraft:candle":8,"minecraft:sculk_vein":1,"minecraft:jungle_leaves":1,"minecraft:granite":6,"minecraft:glow_lichen":1,"minecraft:crafting_table":4,"minecraft:torch":7,"minecraft:emerald_ore":4,"minecraft:grass_block":64,"minecraft:jungle_planks":6,"minecraft:chest":12,"minecraft:jungle_log":31,"minecraft:copper_ore":16,"minecraft:cobblestone":25,"minecraft:lapis_ore":2,"minecraft:hopper":4,"minecraft:wall_torch":1,"minecraft:furnace":6,"minecraft:iron_ore":87,"minecraft:andesite":15,"minecraft:grass":16,"minecraft:oak_log":11,"minecraft:coal_ore":303,"minecraft:cocoa":2,"minecraft:vine":3,"minecraft:gravel":19,"minecraft:dirt":199,"minecraft:stone":2001,"minecraft:fern":1},"minecraft:dropped":{"minecraft:iron_ingot":1,"minecraft:wheat_seeds":1,"minecraft:cooked_beef":4,"minecraft:stone_sword":2,"minecraft:rotten_flesh":13,"minecraft:dirt":8,"minecraft:torch":1,"minecraft:wooden_axe":1,"minecraft:jungle_sapling":3,"minecraft:arrow":1,"minecraft:wooden_pickaxe":4,"minecraft:stone_pickaxe":2,"minecraft:iron_pickaxe":2,"minecraft:bone":2},"minecraft:killed":{"minecraft:pig":2,"minecraft:sheep":3,"minecraft:skeleton":2,"minecraft:pillager":1,"minecraft:zombie":8,"minecraft:chicken":3,"minecraft:cow":3},"minecraft:picked_up":{"minecraft:wooden_axe":1,"minecraft:cocoa_beans":18,"minecraft:crafting_table":5,"minecraft:feather":6,"minecraft:cooked_beef":5,"minecraft:chicken":3,"minecraft:andesite":14,"minecraft:jungle_log":31,"minecraft:leather":8,"minecraft:wooden_pickaxe":5,"minecraft:flint":1,"minecraft:oak_log":12,"minecraft:lapis_lazuli":13,"minecraft:dirt":285,"minecraft:white_banner":1,"minecraft:raw_copper":60,"minecraft:bone":3,"minecraft:candle":21,"minecraft:wheat_seeds":1,"minecraft:iron_ingot":14,"minecraft:beef":5,"minecraft:stone_pickaxe":2,"minecraft:jungle_sapling":6,"minecraft:iron_pickaxe":2,"minecraft:chest":12,"minecraft:oak_planks":48,"minecraft:furnace":7,"minecraft:stick":16,"minecraft:raw_iron":108,"minecraft:stone":25,"minecraft:copper_ingot":39,"minecraft:torch":50,"minecraft:gravel":17,"minecraft:porkchop":5,"minecraft:jungle_planks":86,"minecraft:white_bed":3,"minecraft:stone_sword":2,"minecraft:arrow":1,"minecraft:rotten_flesh":16,"minecraft:stone_axe":1,"minecraft:granite":5,"minecraft:emerald":4,"minecraft:mutton":5,"minecraft:coal":344,"minecraft:hopper":4,"minecraft:white_wool":3,"minecraft:cobblestone":2122,"minecraft:birch_log":6},"minecraft:crafted":{"minecraft:cooked_beef":5,"minecraft:oak_planks":76,"minecraft:cooked_porkchop":23,"minecraft:crafting_table":3,"minecraft:cooked_chicken":2,"minecraft:wooden_pickaxe":1,"minecraft:iron_helmet":1,"minecraft:iron_sword":2,"minecraft:furnace":2,"minecraft:copper_ingot":39,"minecraft:stone":13,"minecraft:birch_planks":24,"minecraft:stone_axe":1,"minecraft:cooked_mutton":5,"minecraft:air":0,"minecraft:jungle_planks":124,"minecraft:hopper":5,"minecraft:iron_boots":1,"minecraft:iron_chestplate":1,"minecraft:shield":1,"minecraft:ladder":3,"minecraft:stick":118,"minecraft:iron_ingot":103,"minecraft:iron_pickaxe":13,"minecraft:stone_pickaxe":2,"minecraft:wooden_axe":1,"minecraft:stone_sword":1,"minecraft:chest":9,"minecraft:iron_shovel":5,"minecraft:iron_leggings":1,"minecraft:white_bed":1,"minecraft:torch":60},"minecraft:broken":{"minecraft:stone_pickaxe":1,"minecraft:iron_shovel":1,"minecraft:iron_pickaxe":8}},"DataVersion":3465}