{"stats":{"minecraft:picked_up":{"minecraft:wooden_axe":1,"minecraft:cocoa_beans":18,"minecraft:crafting_table":7,"minecraft:iron_chestplate":2,"minecraft:chicken":17,"minecraft:wooden_pickaxe":5,"minecraft:shield":2,"minecraft:string":5,"minecraft:raw_copper":102,"minecraft:iron_leggings":2,"minecraft:iron_shovel":4,"minecraft:deepslate_tiles":6,"minecraft:candle":45,"minecraft:cobbled_deepslate":471,"minecraft:beef":5,"minecraft:jungle_sapling":6,"minecraft:iron_pickaxe":14,"minecraft:sugar_cane":4,"minecraft:chest":12,"minecraft:furnace":8,"minecraft:iron_boots":2,"minecraft:stick":45,"minecraft:raw_iron":140,"minecraft:stone":25,"minecraft:copper_ingot":39,"minecraft:torch":119,"minecraft:porkchop":8,"minecraft:redstone":87,"minecraft:stone_sword":2,"minecraft:arrow":2,"minecraft:rotten_flesh":18,"minecraft:tropical_fish":1,"minecraft:deepslate_bricks":2,"minecraft:cracked_deepslate_bricks":3,"minecraft:mutton":5,"minecraft:skeleton_skull":2,"minecraft:white_wool":3,"minecraft:cobblestone":2136,"minecraft:stripped_oak_log":3,"minecraft:birch_log":27,"minecraft:feather":10,"minecraft:cooked_beef":5,"minecraft:andesite":28,"minecraft:jungle_log":31,"minecraft:leather":8,"minecraft:flint":17,"minecraft:tuff":113,"minecraft:oak_log":47,"minecraft:lapis_lazuli":13,"minecraft:dirt":300,"minecraft:white_banner":1,"minecraft:cooked_mutton":3,"minecraft:bone":4,"minecraft:wheat_seeds":1,"minecraft:raw_gold":25,"minecraft:stone_pickaxe":2,"minecraft:iron_ingot":123,"minecraft:iron_sword":5,"minecraft:oak_planks":124,"minecraft:cooked_porkchop":56,"minecraft:gravel":311,"minecraft:jungle_planks":86,"minecraft:white_bed":6,"minecraft:spider_eye":3,"minecraft:diamond":4,"minecraft:stone_axe":3,"minecraft:iron_helmet":4,"minecraft:granite":15,"minecraft:gray_wool":4,"minecraft:emerald":4,"minecraft:oak_sapling":1,"minecraft:coal":357,"minecraft:hopper":4,"minecraft:diamond_pickaxe":1},"minecraft:used":{"minecraft:stone_sword":77,"minecraft:iron_shovel":379,"minecraft:redstone":1,"minecraft:ladder":3,"minecraft:chest":16,"minecraft:shield":4,"minecraft:stone":62,"minecraft:iron_sword":154,"minecraft:cooked_chicken":2,"minecraft:iron_chestplate":2,"minecraft:torch":99,"minecraft:dirt":23,"minecraft:hopper":9,"minecraft:jungle_planks":55,"minecraft:wooden_axe":38,"minecraft:iron_axe":38,"minecraft:iron_helmet":2,"minecraft:iron_boots":1,"minecraft:bow":1,"minecraft:furnace":13,"minecraft:skeleton_skull":2,"minecraft:cooked_beef":7,"minecraft:cobbled_deepslate":109,"minecraft:iron_leggings":1,"minecraft:cooked_mutton":2,"minecraft:stone_pickaxe":249,"minecraft:wooden_pickaxe":16,"minecraft:crafting_table":7,"minecraft:white_bed":6,"minecraft:deepslate_tiles":1,"minecraft:oak_log":4,"minecraft:diamond_pickaxe":343,"minecraft:iron_pickaxe":2440,"minecraft:gravel":4,"minecraft:stone_axe":35,"minecraft:cobblestone":194,"minecraft:white_banner":1,"minecraft:cooked_porkchop":12,"minecraft:candle":3,"minecraft:soul_torch":1},"minecraft:crafted":{"minecraft:oak_planks":104,"minecraft:cooked_chicken":2,"minecraft:furnace":2,"minecraft:stone":13,"minecraft:cooked_mutton":5,"minecraft:hopper":5,"minecraft:bow":1,"minecraft:iron_boots":2,"minecraft:iron_axe":1,"minecraft:ladder":3,"minecraft:iron_hoe":1,"minecraft:stone_pickaxe":2,"minecraft:chest":9,"minecraft:cooked_beef":5,"minecraft:cooked_porkchop":26,"minecraft:crafting_table":4,"minecraft:wooden_pickaxe":1,"minecraft:iron_helmet":2,"minecraft:iron_sword":2,"minecraft:copper_ingot":39,"minecraft:birch_planks":24,"minecraft:stone_axe":1,"minecraft:air":0,"minecraft:jungle_planks":124,"minecraft:iron_chestplate":2,"minecraft:shield":1,"minecraft:stick":126,"minecraft:iron_ingot":132,"minecraft:iron_pickaxe":16,"minecraft:wooden_axe":1,"minecraft:stone_sword":1,"minecraft:iron_shovel":5,"minecraft:iron_leggings":2,"minecraft:white_bed":1,"minecraft:torch":60},"minecraft:killed_by":{"minecraft:creeper":1,"minecraft:warden":2,"minecraft:skeleton":1},"minecraft:broken":{"minecraft:iron_shovel":1,"minecraft:stone_pickaxe":1,"minecraft:iron_pickaxe":8},"minecraft:custom":{"minecraft:mob_kills":37,"minecraft:inspect_hopper":26,"minecraft:interact_with_crafting_table":58,"minecraft:leave_game":6,"minecraft:time_since_death":137673,"minecraft:climb_one_cm":9192,"minecraft:sprint_one_cm":497227,"minecraft:walk_one_cm":713109,"minecraft:damage_blocked_by_shield":210,"minecraft:drop":54,"minecraft:play_time":427338,"minecraft:sneak_time":26368,"minecraft:deaths":6,"minecraft:walk_under_water_one_cm":22475,"minecraft:jump":2814,"minecraft:walk_on_water_one_cm":23848,"minecraft:total_world_time":427338,"minecraft:interact_with_furnace":198,"minecraft:sleep_in_bed":21,"minecraft:time_since_rest":10735,"minecraft:damage_taken":2979,"minecraft:damage_dealt":6139,"minecraft:swim_one_cm":29210,"minecraft:fly_one_cm":292296,"minecraft:open_chest":152,"minecraft:crouch_one_cm":85296,"minecraft:fall_one_cm":73400,"minecraft:horse_one_cm":25095},"minecraft:killed":{"minecraft:spider":5,"minecraft:skeleton":4,"minecraft:chicken":3,"minecraft:drowned":1,"minecraft:pig":3,"minecraft:sheep":3,"minecraft:pillager":1,"minecraft:zombie":12,"minecraft:cow":3},"minecraft:dropped":{"minecraft:iron_ingot":17,"minecraft:wheat_seeds":1,"minecraft:cooked_beef":4,"minecraft:oak_log":23,"minecraft:cooked_porkchop":9,"minecraft:flint":7,"minecraft:dirt":12,"minecraft:torch":3,"minecraft:wooden_axe":1,"minecraft:jungle_sapling":3,"minecraft:iron_pickaxe":3,"minecraft:bone":2,"minecraft:gravel":176,"minecraft:stone_sword":2,"minecraft:cobbled_deepslate":28,"minecraft:tuff":3,"minecraft:rotten_flesh":13,"minecraft:oak_planks":8,"minecraft:stripped_oak_log":1,"minecraft:oak_sapling":1,"minecraft:spider_eye":1,"minecraft:arrow":1,"minecraft:wooden_pickaxe":4,"minecraft:stone_pickaxe":2},"minecraft:mined":{"minecraft:deepslate_tiles":2,"minecraft:tuff":113,"minecraft:white_bed":4,"minecraft:deepslate_diamond_ore":4,"minecraft:candle":8,"minecraft:sculk_vein":2,"minecraft:jungle_leaves":1,"minecraft:glow_lichen":1,"minecraft:granite":6,"minecraft:grass_block":65,"minecraft:jungle_planks":6,"minecraft:jungle_log":31,"minecraft:deepslate_bricks":1,"minecraft:hopper":4,"minecraft:furnace":7,"minecraft:iron_ore":99,"minecraft:cobbled_deepslate":11,"minecraft:andesite":15,"minecraft:deepslate_iron_ore":7,"minecraft:vine":3,"minecraft:stripped_oak_log":1,"minecraft:stone":2008,"minecraft:deepslate_redstone_ore":19,"minecraft:crafting_table":4,"minecraft:torch":25,"minecraft:emerald_ore":4,"minecraft:chest":12,"minecraft:dead_bush":5,"minecraft:sculk_sensor":1,"minecraft:copper_ore":16,"minecraft:cobblestone":26,"minecraft:lapis_ore":2,"minecraft:deepslate_gold_ore":8,"minecraft:sugar_cane":2,"minecraft:cracked_deepslate_bricks":1,"minecraft:wall_torch":22,"minecraft:skeleton_skull":2,"minecraft:gray_wool":2,"minecraft:birch_log":21,"minecraft:grass":16,"minecraft:oak_log":45,"minecraft:coal_ore":305,"minecraft:cocoa":2,"minecraft:gravel":105,"minecraft:dirt":200,"minecraft:gold_ore":1,"minecraft:oak_leaves":1,"minecraft:deepslate":367,"minecraft:fern":1}},"DataVersion":3465}