{"stats":{"minecraft:custom":{"minecraft:time_since_rest":12051,"minecraft:interact_with_furnace":5,"minecraft:sprint_one_cm":30921,"minecraft:damage_taken":580,"minecraft:walk_one_cm":63415,"minecraft:mob_kills":2,"minecraft:drop":13,"minecraft:damage_dealt":232,"minecraft:interact_with_crafting_table":7,"minecraft:fly_one_cm":20590,"minecraft:crouch_one_cm":47,"minecraft:play_time":38730,"minecraft:deaths":2,"minecraft:sneak_time":48,"minecraft:jump":270,"minecraft:time_since_death":11948,"minecraft:climb_one_cm":2498,"minecraft:total_world_time":38730,"minecraft:fall_one_cm":11436},"minecraft:broken":{"minecraft:stone_pickaxe":1},"minecraft:crafted":{"minecraft:oak_planks":48,"minecraft:cooked_porkchop":1,"minecraft:crafting_table":2,"minecraft:stick":22,"minecraft:iron_ingot":2,"minecraft:wooden_pickaxe":1,"minecraft:stone_pickaxe":2,"minecraft:wooden_axe":1,"minecraft:stone_sword":1,"minecraft:furnace":1,"minecraft:copper_ingot":26,"minecraft:torch":4,"minecraft:stone_axe":1,"minecraft:air":0,"minecraft:jungle_planks":124},"minecraft:mined":{"minecraft:furnace":1,"minecraft:iron_ore":2,"minecraft:jungle_leaves":1,"minecraft:torch":1,"minecraft:crafting_table":2,"minecraft:grass":1,"minecraft:grass_block":2,"minecraft:oak_log":11,"minecraft:coal_ore":59,"minecraft:jungle_planks":6,"minecraft:cocoa":2,"minecraft:vine":3,"minecraft:jungle_log":31,"minecraft:dirt":2,"minecraft:copper_ore":8,"minecraft:stone":127,"minecraft:wall_torch":1},"minecraft:killed":{"minecraft:pig":1},"minecraft:killed_by":{"minecraft:creeper":1},"minecraft:used":{"minecraft:wooden_axe":38,"minecraft:stone_sword":13,"minecraft:stone_pickaxe":184,"minecraft:wooden_pickaxe":16,"minecraft:torch":6,"minecraft:stone_axe":7,"minecraft:dirt":4,"minecraft:crafting_table":3,"minecraft:furnace":1,"minecraft:cooked_porkchop":1,"minecraft:jungle_planks":39},"minecraft:dropped":{"minecraft:dirt":8,"minecraft:stone_sword":1,"minecraft:wooden_axe":1,"minecraft:wooden_pickaxe":4},"minecraft:picked_up":{"minecraft:wooden_axe":1,"minecraft:raw_iron":4,"minecraft:cocoa_beans":12,"minecraft:stick":16,"minecraft:crafting_table":2,"minecraft:cooked_beef":5,"minecraft:jungle_log":31,"minecraft:torch":4,"minecraft:wooden_pickaxe":5,"minecraft:porkchop":2,"minecraft:jungle_planks":83,"minecraft:oak_log":12,"minecraft:dirt":14,"minecraft:raw_copper":26,"minecraft:stone_sword":2,"minecraft:stone_axe":1,"minecraft:stone_pickaxe":1,"minecraft:jungle_sapling":6,"minecraft:oak_planks":48,"minecraft:coal":79,"minecraft:cobblestone":224,"minecraft:furnace":1}},"DataVersion":3465}