{"stats":{"minecraft:custom":{"minecraft:time_since_rest":12268,"minecraft:crouch_one_cm":47,"minecraft:play_time":14730,"minecraft:sprint_one_cm":10816,"minecraft:walk_one_cm":18677,"minecraft:damage_taken":320,"minecraft:deaths":1,"minecraft:sneak_time":27,"minecraft:mob_kills":1,"minecraft:jump":77,"minecraft:damage_dealt":68,"minecraft:time_since_death":12207,"minecraft:total_world_time":14730,"minecraft:climb_one_cm":1050,"minecraft:interact_with_crafting_table":3,"minecraft:fall_one_cm":4868,"minecraft:fly_one_cm":10421},"minecraft:crafted":{"minecraft:crafting_table":1,"minecraft:stick":22,"minecraft:wooden_pickaxe":1,"minecraft:jungle_planks":28,"minecraft:wooden_axe":1},"minecraft:mined":{"minecraft:oak_log":2,"minecraft:cocoa":1,"minecraft:vine":3,"minecraft:jungle_log":31,"minecraft:jungle_leaves":1},"minecraft:killed_by":{"minecraft:creeper":1},"minecraft:used":{"minecraft:wooden_axe":28,"minecraft:crafting_table":1},"minecraft:picked_up":{"minecraft:cocoa_beans":3,"minecraft:stick":2,"minecraft:jungle_log":31,"minecraft:wooden_pickaxe":1,"minecraft:oak_log":1,"minecraft:jungle_sapling":3}},"DataVersion":3465}