{"stats":{"minecraft:killed_by":{"minecraft:creeper":1,"minecraft:warden":2},"minecraft:custom":{"minecraft:mob_kills":23,"minecraft:inspect_hopper":23,"minecraft:interact_with_crafting_table":50,"minecraft:leave_game":1,"minecraft:time_since_death":14752,"minecraft:climb_one_cm":6929,"minecraft:sprint_one_cm":275339,"minecraft:walk_one_cm":466617,"minecraft:damage_blocked_by_shield":210,"minecraft:drop":33,"minecraft:play_time":258362,"minecraft:deaths":4,"minecraft:sneak_time":12424,"minecraft:walk_under_water_one_cm":17170,"minecraft:jump":1363,"minecraft:walk_on_water_one_cm":15404,"minecraft:total_world_time":258362,"minecraft:interact_with_furnace":172,"minecraft:sleep_in_bed":14,"minecraft:time_since_rest":14931,"minecraft:damage_taken":1923,"minecraft:damage_dealt":3166,"minecraft:swim_one_cm":23198,"minecraft:fly_one_cm":124715,"minecraft:open_chest":101,"minecraft:crouch_one_cm":44957,"minecraft:fall_one_cm":34060},"minecraft:used":{"minecraft:stone_sword":77,"minecraft:iron_shovel":278,"minecraft:redstone":1,"minecraft:ladder":3,"minecraft:chest":16,"minecraft:shield":4,"minecraft:stone":61,"minecraft:iron_sword":82,"minecraft:cooked_chicken":2,"minecraft:iron_chestplate":1,"minecraft:torch":61,"minecraft:dirt":15,"minecraft:hopper":9,"minecraft:jungle_planks":55,"minecraft:wooden_axe":38,"minecraft:iron_helmet":1,"minecraft:iron_boots":1,"minecraft:furnace":12,"minecraft:cooked_beef":6,"minecraft:cobbled_deepslate":28,"minecraft:iron_leggings":1,"minecraft:cooked_mutton":2,"minecraft:stone_pickaxe":249,"minecraft:wooden_pickaxe":16,"minecraft:crafting_table":6,"minecraft:white_bed":4,"minecraft:deepslate_tiles":1,"minecraft:iron_pickaxe":2258,"minecraft:stone_axe":18,"minecraft:cobblestone":157,"minecraft:white_banner":1,"minecraft:cooked_porkchop":4,"minecraft:soul_torch":1},"minecraft:mined":{"minecraft:deepslate_tiles":2,"minecraft:white_bed":2,"minecraft:candle":8,"minecraft:sculk_vein":2,"minecraft:jungle_leaves":1,"minecraft:glow_lichen":1,"minecraft:granite":6,"minecraft:grass_block":64,"minecraft:jungle_planks":6,"minecraft:jungle_log":31,"minecraft:deepslate_bricks":1,"minecraft:hopper":4,"minecraft:furnace":6,"minecraft:iron_ore":87,"minecraft:andesite":15,"minecraft:vine":3,"minecraft:stone":2001,"minecraft:deepslate_redstone_ore":5,"minecraft:crafting_table":4,"minecraft:torch":8,"minecraft:emerald_ore":4,"minecraft:chest":12,"minecraft:cobblestone":25,"minecraft:copper_ore":16,"minecraft:deepslate_gold_ore":7,"minecraft:lapis_ore":2,"minecraft:cracked_deepslate_bricks":1,"minecraft:wall_torch":2,"minecraft:gray_wool":2,"minecraft:grass":16,"minecraft:coal_ore":303,"minecraft:oak_log":11,"minecraft:cocoa":2,"minecraft:dirt":199,"minecraft:gravel":19,"minecraft:deepslate":28,"minecraft:fern":1},"minecraft:dropped":{"minecraft:iron_ingot":1,"minecraft:wheat_seeds":1,"minecraft:cooked_beef":4,"minecraft:dirt":8,"minecraft:torch":1,"minecraft:wooden_axe":1,"minecraft:jungle_sapling":3,"minecraft:iron_pickaxe":3,"minecraft:bone":2,"minecraft:stone_sword":2,"minecraft:rotten_flesh":13,"minecraft:arrow":1,"minecraft:stone_pickaxe":2,"minecraft:wooden_pickaxe":4},"minecraft:killed":{"minecraft:skeleton":2,"minecraft:chicken":3,"minecraft:pig":2,"minecraft:sheep":3,"minecraft:pillager":1,"minecraft:zombie":8,"minecraft:cow":3},"minecraft:picked_up":{"minecraft:wooden_axe":1,"minecraft:iron_chestplate":2,"minecraft:cocoa_beans":18,"minecraft:crafting_table":7,"minecraft:chicken":17,"minecraft:wooden_pickaxe":5,"minecraft:shield":2,"minecraft:raw_copper":102,"minecraft:iron_leggings":2,"minecraft:iron_shovel":2,"minecraft:deepslate_tiles":6,"minecraft:candle":42,"minecraft:cobbled_deepslate":40,"minecraft:beef":5,"minecraft:jungle_sapling":6,"minecraft:iron_pickaxe":11,"minecraft:chest":12,"minecraft:iron_boots":2,"minecraft:furnace":7,"minecraft:stick":40,"minecraft:raw_iron":115,"minecraft:stone":25,"minecraft:copper_ingot":39,"minecraft:torch":73,"minecraft:porkchop":5,"minecraft:redstone":23,"minecraft:stone_sword":2,"minecraft:arrow":1,"minecraft:rotten_flesh":16,"minecraft:deepslate_bricks":2,"minecraft:cracked_deepslate_bricks":3,"minecraft:mutton":5,"minecraft:white_wool":3,"minecraft:cobblestone":2128,"minecraft:birch_log":6,"minecraft:feather":10,"minecraft:cooked_beef":5,"minecraft:jungle_log":31,"minecraft:andesite":28,"minecraft:leather":8,"minecraft:flint":1,"minecraft:oak_log":12,"minecraft:lapis_lazuli":13,"minecraft:dirt":285,"minecraft:white_banner":1,"minecraft:cooked_mutton":3,"minecraft:bone":3,"minecraft:wheat_seeds":1,"minecraft:raw_gold":7,"minecraft:stone_pickaxe":2,"minecraft:iron_ingot":27,"minecraft:iron_sword":3,"minecraft:oak_planks":48,"minecraft:cooked_porkchop":38,"minecraft:gravel":17,"minecraft:jungle_planks":86,"minecraft:white_bed":3,"minecraft:stone_axe":3,"minecraft:iron_helmet":2,"minecraft:granite":15,"minecraft:gray_wool":4,"minecraft:emerald":4,"minecraft:coal":355,"minecraft:hopper":4},"minecraft:crafted":{"minecraft:oak_planks":76,"minecraft:cooked_chicken":2,"minecraft:furnace":2,"minecraft:stone":13,"minecraft:cooked_mutton":5,"minecraft:hopper":5,"minecraft:iron_boots":1,"minecraft:ladder":3,"minecraft:stone_pickaxe":2,"minecraft:chest":9,"minecraft:cooked_beef":5,"minecraft:cooked_porkchop":23,"minecraft:crafting_table":3,"minecraft:wooden_pickaxe":1,"minecraft:iron_helmet":1,"minecraft:iron_sword":2,"minecraft:copper_ingot":39,"minecraft:birch_planks":24,"minecraft:stone_axe":1,"minecraft:air":0,"minecraft:jungle_planks":124,"minecraft:iron_chestplate":1,"minecraft:shield":1,"minecraft:stick":118,"minecraft:iron_ingot":103,"minecraft:iron_pickaxe":13,"minecraft:wooden_axe":1,"minecraft:stone_sword":1,"minecraft:iron_shovel":5,"minecraft:iron_leggings":1,"minecraft:white_bed":1,"minecraft:torch":60},"minecraft:broken":{"minecraft:iron_shovel":1,"minecraft:stone_pickaxe":1,"minecraft:iron_pickaxe":8}},"DataVersion":3465}