{"stats":{"minecraft:custom":{"minecraft:interact_with_furnace":15,"minecraft:mob_kills":5,"minecraft:interact_with_crafting_table":10,"minecraft:time_since_death":23948,"minecraft:climb_one_cm":2674,"minecraft:time_since_rest":24051,"minecraft:sprint_one_cm":45764,"minecraft:damage_taken":745,"minecraft:walk_one_cm":80033,"minecraft:drop":16,"minecraft:damage_dealt":1024,"minecraft:fly_one_cm":28431,"minecraft:crouch_one_cm":66,"minecraft:play_time":50730,"minecraft:deaths":2,"minecraft:sneak_time":53,"minecraft:jump":420,"minecraft:total_world_time":50730,"minecraft:fall_one_cm":12398},"minecraft:broken":{"minecraft:stone_pickaxe":1},"minecraft:crafted":{"minecraft:oak_planks":48,"minecraft:cooked_porkchop":1,"minecraft:crafting_table":2,"minecraft:wooden_pickaxe":1,"minecraft:iron_sword":1,"minecraft:furnace":1,"minecraft:copper_ingot":32,"minecraft:stone_axe":1,"minecraft:air":0,"minecraft:jungle_planks":124,"minecraft:iron_chestplate":1,"minecraft:stick":118,"minecraft:iron_ingot":14,"minecraft:iron_pickaxe":1,"minecraft:stone_pickaxe":2,"minecraft:wooden_axe":1,"minecraft:stone_sword":1,"minecraft:iron_shovel":1,"minecraft:torch":60},"minecraft:mined":{"minecraft:jungle_leaves":1,"minecraft:crafting_table":2,"minecraft:torch":2,"minecraft:glow_lichen":1,"minecraft:grass_block":2,"minecraft:jungle_planks":6,"minecraft:jungle_log":31,"minecraft:copper_ore":11,"minecraft:wall_torch":1,"minecraft:furnace":1,"minecraft:iron_ore":14,"minecraft:grass":1,"minecraft:vine":3,"minecraft:coal_ore":106,"minecraft:oak_log":11,"minecraft:cocoa":2,"minecraft:dirt":2,"minecraft:stone":129},"minecraft:killed":{"minecraft:pig":1,"minecraft:skeleton":1,"minecraft:zombie":2},"minecraft:killed_by":{"minecraft:creeper":1},"minecraft:used":{"minecraft:stone_sword":77,"minecraft:stone_pickaxe":249,"minecraft:wooden_pickaxe":16,"minecraft:iron_chestplate":1,"minecraft:torch":20,"minecraft:dirt":8,"minecraft:crafting_table":3,"minecraft:jungle_planks":53,"minecraft:wooden_axe":38,"minecraft:stone_axe":7,"minecraft:furnace":2,"minecraft:cooked_porkchop":1,"minecraft:cooked_beef":1},"minecraft:dropped":{"minecraft:stone_sword":1,"minecraft:rotten_flesh":1,"minecraft:dirt":8,"minecraft:wooden_axe":1,"minecraft:arrow":1,"minecraft:wooden_pickaxe":4,"minecraft:bone":2},"minecraft:picked_up":{"minecraft:wooden_axe":1,"minecraft:cocoa_beans":12,"minecraft:crafting_table":2,"minecraft:cooked_beef":5,"minecraft:jungle_log":31,"minecraft:wooden_pickaxe":5,"minecraft:oak_log":12,"minecraft:dirt":18,"minecraft:raw_copper":39,"minecraft:bone":2,"minecraft:stone_pickaxe":1,"minecraft:jungle_sapling":6,"minecraft:oak_planks":48,"minecraft:furnace":1,"minecraft:stick":16,"minecraft:raw_iron":16,"minecraft:torch":7,"minecraft:porkchop":2,"minecraft:jungle_planks":83,"minecraft:stone_sword":2,"minecraft:arrow":1,"minecraft:rotten_flesh":1,"minecraft:stone_axe":1,"minecraft:coal":126,"minecraft:cobblestone":236}},"DataVersion":3465}