{"stats":{"minecraft:custom":{"minecraft:interact_with_furnace":16,"minecraft:mob_kills":16,"minecraft:interact_with_crafting_table":12,"minecraft:time_since_death":35948,"minecraft:climb_one_cm":3006,"minecraft:time_since_rest":36051,"minecraft:sprint_one_cm":80054,"minecraft:damage_taken":835,"minecraft:walk_one_cm":102049,"minecraft:drop":24,"minecraft:damage_dealt":2260,"minecraft:fly_one_cm":81037,"minecraft:crouch_one_cm":320,"minecraft:play_time":62730,"minecraft:deaths":2,"minecraft:sneak_time":293,"minecraft:walk_under_water_one_cm":1802,"minecraft:jump":696,"minecraft:walk_on_water_one_cm":119,"minecraft:total_world_time":62730,"minecraft:fall_one_cm":23544},"minecraft:broken":{"minecraft:stone_pickaxe":1},"minecraft:crafted":{"minecraft:oak_planks":48,"minecraft:cooked_porkchop":1,"minecraft:crafting_table":2,"minecraft:wooden_pickaxe":1,"minecraft:iron_sword":1,"minecraft:furnace":1,"minecraft:copper_ingot":39,"minecraft:stone_axe":1,"minecraft:air":0,"minecraft:jungle_planks":124,"minecraft:iron_chestplate":1,"minecraft:stick":118,"minecraft:iron_ingot":14,"minecraft:iron_pickaxe":1,"minecraft:stone_pickaxe":2,"minecraft:wooden_axe":1,"minecraft:white_bed":1,"minecraft:stone_sword":1,"minecraft:iron_shovel":1,"minecraft:torch":60},"minecraft:mined":{"minecraft:jungle_leaves":1,"minecraft:crafting_table":2,"minecraft:torch":6,"minecraft:glow_lichen":1,"minecraft:emerald_ore":2,"minecraft:grass_block":2,"minecraft:jungle_planks":6,"minecraft:jungle_log":31,"minecraft:copper_ore":11,"minecraft:lapis_ore":1,"minecraft:wall_torch":1,"minecraft:furnace":1,"minecraft:iron_ore":38,"minecraft:grass":15,"minecraft:vine":3,"minecraft:coal_ore":133,"minecraft:oak_log":11,"minecraft:cocoa":2,"minecraft:dirt":2,"minecraft:stone":187,"minecraft:fern":1},"minecraft:killed":{"minecraft:pig":1,"minecraft:sheep":3,"minecraft:skeleton":1,"minecraft:zombie":5,"minecraft:chicken":2,"minecraft:cow":3},"minecraft:killed_by":{"minecraft:creeper":1},"minecraft:used":{"minecraft:stone_sword":77,"minecraft:stone_pickaxe":249,"minecraft:wooden_pickaxe":16,"minecraft:iron_sword":49,"minecraft:iron_chestplate":1,"minecraft:torch":29,"minecraft:dirt":8,"minecraft:crafting_table":4,"minecraft:jungle_planks":53,"minecraft:wooden_axe":38,"minecraft:iron_pickaxe":112,"minecraft:stone_axe":7,"minecraft:cobblestone":22,"minecraft:furnace":2,"minecraft:cooked_porkchop":1,"minecraft:cooked_beef":4},"minecraft:dropped":{"minecraft:wheat_seeds":1,"minecraft:stone_sword":2,"minecraft:rotten_flesh":13,"minecraft:dirt":8,"minecraft:wooden_axe":1,"minecraft:jungle_sapling":3,"minecraft:arrow":1,"minecraft:stone_pickaxe":2,"minecraft:wooden_pickaxe":4,"minecraft:bone":2},"minecraft:picked_up":{"minecraft:wooden_axe":1,"minecraft:cocoa_beans":12,"minecraft:crafting_table":2,"minecraft:feather":2,"minecraft:cooked_beef":5,"minecraft:chicken":2,"minecraft:jungle_log":31,"minecraft:leather":4,"minecraft:wooden_pickaxe":5,"minecraft:oak_log":12,"minecraft:dirt":18,"minecraft:raw_copper":39,"minecraft:bone":2,"minecraft:wheat_seeds":1,"minecraft:beef":5,"minecraft:stone_pickaxe":2,"minecraft:jungle_sapling":6,"minecraft:oak_planks":48,"minecraft:furnace":1,"minecraft:stick":16,"minecraft:raw_iron":40,"minecraft:torch":11,"minecraft:porkchop":2,"minecraft:jungle_planks":83,"minecraft:stone_sword":2,"minecraft:arrow":1,"minecraft:rotten_flesh":13,"minecraft:stone_axe":1,"minecraft:emerald":2,"minecraft:mutton":5,"minecraft:coal":153,"minecraft:white_wool":3,"minecraft:cobblestone":264}},"DataVersion":3465}