{"stats":{"minecraft:killed_by":{"minecraft:creeper":1},"minecraft:used":{"minecraft:stone_sword":77,"minecraft:iron_shovel":33,"minecraft:stone_pickaxe":249,"minecraft:chest":11,"minecraft:wooden_pickaxe":16,"minecraft:stone":4,"minecraft:iron_sword":52,"minecraft:iron_chestplate":1,"minecraft:torch":32,"minecraft:dirt":8,"minecraft:hopper":4,"minecraft:crafting_table":6,"minecraft:jungle_planks":55,"minecraft:white_bed":4,"minecraft:wooden_axe":38,"minecraft:iron_pickaxe":909,"minecraft:iron_helmet":1,"minecraft:iron_boots":1,"minecraft:stone_axe":17,"minecraft:cobblestone":49,"minecraft:furnace":10,"minecraft:cooked_porkchop":1,"minecraft:cooked_beef":6,"minecraft:iron_leggings":1},"minecraft:custom":{"minecraft:interact_with_furnace":130,"minecraft:mob_kills":17,"minecraft:inspect_hopper":21,"minecraft:interact_with_crafting_table":32,"minecraft:leave_game":1,"minecraft:time_since_death":105580,"minecraft:sleep_in_bed":5,"minecraft:climb_one_cm":3006,"minecraft:time_since_rest":12243,"minecraft:sprint_one_cm":128998,"minecraft:damage_taken":967,"minecraft:walk_one_cm":212120,"minecraft:drop":25,"minecraft:damage_dealt":2372,"minecraft:swim_one_cm":22076,"minecraft:play_time":132362,"minecraft:fly_one_cm":98053,"minecraft:crouch_one_cm":434,"minecraft:open_chest":37,"minecraft:sneak_time":509,"minecraft:deaths":2,"minecraft:walk_under_water_one_cm":9896,"minecraft:jump":860,"minecraft:walk_on_water_one_cm":3183,"minecraft:total_world_time":132362,"minecraft:fall_one_cm":25484},"minecraft:mined":{"minecraft:white_bed":2,"minecraft:jungle_leaves":1,"minecraft:glow_lichen":1,"minecraft:crafting_table":4,"minecraft:torch":7,"minecraft:emerald_ore":3,"minecraft:grass_block":2,"minecraft:jungle_planks":6,"minecraft:chest":10,"minecraft:jungle_log":31,"minecraft:copper_ore":11,"minecraft:cobblestone":20,"minecraft:lapis_ore":2,"minecraft:hopper":3,"minecraft:wall_torch":1,"minecraft:furnace":5,"minecraft:iron_ore":51,"minecraft:grass":16,"minecraft:oak_log":11,"minecraft:coal_ore":163,"minecraft:cocoa":2,"minecraft:vine":3,"minecraft:gravel":19,"minecraft:dirt":16,"minecraft:stone":910,"minecraft:fern":1},"minecraft:dropped":{"minecraft:iron_ingot":1,"minecraft:wheat_seeds":1,"minecraft:stone_sword":2,"minecraft:rotten_flesh":13,"minecraft:dirt":8,"minecraft:wooden_axe":1,"minecraft:jungle_sapling":3,"minecraft:arrow":1,"minecraft:wooden_pickaxe":4,"minecraft:stone_pickaxe":2,"minecraft:bone":2},"minecraft:killed":{"minecraft:pig":2,"minecraft:sheep":3,"minecraft:skeleton":1,"minecraft:zombie":5,"minecraft:chicken":2,"minecraft:cow":3},"minecraft:picked_up":{"minecraft:wooden_axe":1,"minecraft:cocoa_beans":18,"minecraft:crafting_table":5,"minecraft:feather":4,"minecraft:cooked_beef":5,"minecraft:chicken":2,"minecraft:jungle_log":31,"minecraft:leather":8,"minecraft:wooden_pickaxe":5,"minecraft:flint":1,"minecraft:oak_log":12,"minecraft:lapis_lazuli":13,"minecraft:dirt":31,"minecraft:raw_copper":39,"minecraft:bone":2,"minecraft:wheat_seeds":1,"minecraft:iron_ingot":12,"minecraft:beef":5,"minecraft:stone_pickaxe":2,"minecraft:jungle_sapling":6,"minecraft:chest":10,"minecraft:oak_planks":48,"minecraft:furnace":6,"minecraft:stick":16,"minecraft:raw_iron":68,"minecraft:stone":25,"minecraft:copper_ingot":39,"minecraft:torch":50,"minecraft:gravel":17,"minecraft:porkchop":5,"minecraft:jungle_planks":86,"minecraft:white_bed":3,"minecraft:stone_sword":2,"minecraft:arrow":1,"minecraft:rotten_flesh":13,"minecraft:stone_axe":1,"minecraft:emerald":3,"minecraft:mutton":5,"minecraft:coal":183,"minecraft:hopper":3,"minecraft:white_wool":3,"minecraft:cobblestone":1052},"minecraft:crafted":{"minecraft:cooked_beef":5,"minecraft:oak_planks":48,"minecraft:cooked_porkchop":4,"minecraft:crafting_table":3,"minecraft:cooked_chicken":2,"minecraft:wooden_pickaxe":1,"minecraft:iron_helmet":1,"minecraft:iron_sword":1,"minecraft:furnace":2,"minecraft:copper_ingot":39,"minecraft:stone":13,"minecraft:stone_axe":1,"minecraft:cooked_mutton":5,"minecraft:air":0,"minecraft:jungle_planks":124,"minecraft:hopper":1,"minecraft:iron_boots":1,"minecraft:iron_chestplate":1,"minecraft:shield":1,"minecraft:stick":118,"minecraft:iron_ingot":62,"minecraft:iron_pickaxe":6,"minecraft:stone_pickaxe":2,"minecraft:wooden_axe":1,"minecraft:stone_sword":1,"minecraft:chest":4,"minecraft:iron_shovel":1,"minecraft:iron_leggings":1,"minecraft:white_bed":1,"minecraft:torch":60},"minecraft:broken":{"minecraft:stone_pickaxe":1,"minecraft:iron_pickaxe":3}},"DataVersion":3465}